datetime,open,high,low,close,volume,amount
2026-03-27 09:35:00,7.46,7.64,7.41,7.6,259050,195591392.0
2026-03-27 09:40:00,7.61,7.67,7.61,7.66,85788,65498826.0
2026-03-27 09:45:00,7.66,7.69,7.63,7.63,53146,40722849.0
2026-03-27 09:50:00,7.63,7.65,7.59,7.61,76015,57887708.0
2026-03-27 09:55:00,7.6,7.75,7.6,7.74,58374,44823847.0
2026-03-27 10:00:00,7.74,7.76,7.71,7.74,39503,30550809.0
2026-03-27 10:05:00,7.73,7.76,7.71,7.74,33819,26159736.0
2026-03-27 10:10:00,7.73,7.78,7.72,7.78,24311,18842373.0
2026-03-27 10:15:00,7.78,7.79,7.76,7.76,25382,19723594.0
2026-03-27 10:20:00,7.77,7.77,7.74,7.75,24087,18673411.0
2026-03-27 10:25:00,7.76,7.8,7.73,7.79,32100,24911826.0
2026-03-27 10:30:00,7.79,7.83,7.79,7.82,34304,26775922.0
2026-03-27 10:35:00,7.83,7.85,7.8,7.85,27260,21316051.0
2026-03-27 10:40:00,7.85,7.88,7.85,7.87,38075,29949935.0
2026-03-27 10:45:00,7.87,7.88,7.84,7.88,25094,19728674.0
2026-03-27 10:50:00,7.88,7.93,7.88,7.9,49299,38966131.0
2026-03-27 10:55:00,7.9,7.92,7.89,7.92,19893,15736664.0
2026-03-27 11:00:00,7.92,7.93,7.88,7.89,37101,29334996.0
2026-03-27 11:05:00,7.89,7.92,7.89,7.9,16494,13039711.0
2026-03-27 11:10:00,7.91,7.91,7.88,7.89,14775,11658274.0
2026-03-27 11:15:00,7.89,7.93,7.88,7.92,18769,14847310.0
2026-03-27 11:20:00,7.93,7.94,7.91,7.92,25682,20355510.0
2026-03-27 11:25:00,7.93,7.94,7.91,7.94,11623,9214231.0
2026-03-27 11:30:00,7.94,7.95,7.93,7.95,15129,12014432.0
2026-03-27 13:05:00,7.95,8.03,7.95,8.01,63869,51066800.0
2026-03-27 13:10:00,8.01,8.06,7.99,8.05,46639,37403403.0
2026-03-27 13:15:00,8.04,8.05,8.03,8.04,31690,25478009.0
2026-03-27 13:20:00,8.04,8.06,8.02,8.04,22943,18456494.0
2026-03-27 13:25:00,8.04,8.04,7.98,7.98,24014,19242295.0
2026-03-27 13:30:00,7.98,8.01,7.97,7.98,33450,26737532.0
2026-03-27 13:35:00,7.99,8.02,7.98,7.99,20962,16773060.0
2026-03-27 13:40:00,8.0,8.0,7.99,7.99,10002,7995647.0
2026-03-27 13:45:00,8.0,8.02,7.98,7.98,16799,13441440.0
2026-03-27 13:50:00,7.99,7.99,7.97,7.97,11448,9137113.0
2026-03-27 13:55:00,7.97,7.98,7.95,7.96,19115,15228864.0
2026-03-27 14:00:00,7.96,7.98,7.94,7.94,18248,14524084.0
2026-03-27 14:05:00,7.94,7.95,7.93,7.94,8954,7107783.0
2026-03-27 14:10:00,7.93,7.95,7.91,7.94,19267,15279975.0
2026-03-27 14:15:00,7.94,7.98,7.94,7.97,11742,9349999.0
2026-03-27 14:20:00,7.97,7.97,7.95,7.96,11104,8839928.0
2026-03-27 14:25:00,7.97,7.97,7.95,7.96,9037,7193172.0
2026-03-27 14:30:00,7.96,7.97,7.94,7.94,11263,8961481.0
2026-03-27 14:35:00,7.94,7.96,7.94,7.95,17137,13622093.0
2026-03-27 14:40:00,7.95,7.96,7.95,7.95,10681,8493949.0
2026-03-27 14:45:00,7.96,7.96,7.94,7.94,16972,13495588.0
2026-03-27 14:50:00,7.94,7.96,7.94,7.95,24435,19430656.0
2026-03-27 14:55:00,7.95,7.96,7.94,7.94,27922,22183835.0
2026-03-27 15:00:00,7.93,7.95,7.93,7.95,20403,16214100.0
2026-03-30 09:35:00,7.91,8.08,7.85,8.06,166343,132636775.0
2026-03-30 09:40:00,8.06,8.08,8.03,8.05,108500,87426911.0
2026-03-30 09:45:00,8.05,8.06,8.0,8.05,62430,50135124.0
2026-03-30 09:50:00,8.04,8.05,7.96,7.96,56818,45345540.0
2026-03-30 09:55:00,7.96,7.97,7.93,7.93,37150,29519825.0
2026-03-30 10:00:00,7.93,7.95,7.9,7.91,44387,35199864.0
2026-03-30 10:05:00,7.9,7.93,7.89,7.91,31148,24624808.0
2026-03-30 10:10:00,7.91,7.92,7.88,7.88,19826,15652916.0
2026-03-30 10:15:00,7.88,7.91,7.86,7.88,23640,18634358.0
2026-03-30 10:20:00,7.88,7.89,7.86,7.86,31660,24908775.0
2026-03-30 10:25:00,7.86,7.88,7.85,7.88,19913,15654648.0
2026-03-30 10:30:00,7.87,7.9,7.87,7.9,14248,11231078.0
2026-03-30 10:35:00,7.9,7.93,7.86,7.89,16255,12834380.0
2026-03-30 10:40:00,7.88,7.9,7.86,7.87,12317,9703084.0
2026-03-30 10:45:00,7.87,7.91,7.86,7.91,17260,13615369.0
2026-03-30 10:50:00,7.91,7.93,7.9,7.93,12486,9880958.0
2026-03-30 10:55:00,7.93,7.96,7.91,7.95,17377,13786007.0
2026-03-30 11:00:00,7.95,7.95,7.9,7.92,8835,7006755.0
2026-03-30 11:05:00,7.91,7.96,7.91,7.96,16500,13100227.0
2026-03-30 11:10:00,7.96,8.0,7.95,7.99,20820,16616074.0
2026-03-30 11:15:00,8.0,8.01,7.98,7.99,15568,12456573.0
2026-03-30 11:20:00,7.99,8.02,7.99,8.0,25254,20208908.0
2026-03-30 11:25:00,8.0,8.03,7.99,8.03,11554,9263065.0
2026-03-30 11:30:00,8.03,8.03,8.01,8.02,18166,14567976.0
2026-03-30 13:05:00,8.04,8.04,7.99,8.02,37040,29691793.0
2026-03-30 13:10:00,8.02,8.02,7.97,7.99,10444,8349662.0
2026-03-30 13:15:00,7.98,8.01,7.97,7.98,11804,9428036.0
2026-03-30 13:20:00,7.98,7.99,7.98,7.99,5497,4389721.0
2026-03-30 13:25:00,7.98,8.0,7.98,7.98,7709,6159464.0
2026-03-30 13:30:00,7.99,8.01,7.98,7.99,13817,11041966.0
2026-03-30 13:35:00,7.98,8.0,7.96,7.99,17271,13784970.0
2026-03-30 13:40:00,8.0,8.0,7.95,7.95,13555,10805459.0
2026-03-30 13:45:00,7.96,7.97,7.94,7.95,17126,13624759.0
2026-03-30 13:50:00,7.95,7.97,7.94,7.97,9369,7451683.0
2026-03-30 13:55:00,7.98,8.01,7.97,8.0,13834,11056594.0
2026-03-30 14:00:00,8.0,8.01,7.99,8.01,6667,5336188.0
2026-03-30 14:05:00,8.0,8.03,8.0,8.03,15014,12032826.0
2026-03-30 14:10:00,8.03,8.05,8.01,8.03,24965,20057119.0
2026-03-30 14:15:00,8.04,8.04,8.01,8.03,15342,12322187.0
2026-03-30 14:20:00,8.03,8.04,8.02,8.03,10348,8309178.0
2026-03-30 14:25:00,8.03,8.04,8.02,8.02,5879,4721640.0
2026-03-30 14:30:00,8.02,8.04,8.02,8.02,10444,8386038.0
2026-03-30 14:35:00,8.03,8.04,8.02,8.04,16615,13345255.0
2026-03-30 14:40:00,8.04,8.05,8.03,8.03,26502,21309353.0
2026-03-30 14:45:00,8.03,8.04,8.02,8.04,13286,10667591.0
2026-03-30 14:50:00,8.04,8.04,8.03,8.04,17488,14051318.0
2026-03-30 14:55:00,8.04,8.05,8.03,8.04,31029,24949779.0
2026-03-30 15:00:00,8.04,8.05,8.03,8.04,16494,13260297.0
2026-03-31 09:35:00,8.04,8.1,7.98,7.99,87736,70474000.0
2026-03-31 09:40:00,7.99,8.04,7.98,8.03,42404,33966214.0
2026-03-31 09:45:00,8.03,8.07,8.02,8.06,42419,34118590.0
2026-03-31 09:50:00,8.07,8.07,8.0,8.03,37673,30264524.0
2026-03-31 09:55:00,8.03,8.07,8.0,8.06,40595,32656477.0
2026-03-31 10:00:00,8.07,8.08,8.05,8.06,25041,20187608.0
2026-03-31 10:05:00,8.07,8.07,8.01,8.02,26887,21590368.0
2026-03-31 10:10:00,8.02,8.03,7.99,8.02,33045,26456106.0
2026-03-31 10:15:00,8.01,8.03,8.0,8.0,15577,12480403.0
2026-03-31 10:20:00,8.01,8.01,7.96,7.96,35201,28132408.0
2026-03-31 10:25:00,7.98,7.99,7.95,7.95,21860,17410848.0
2026-03-31 10:30:00,7.96,7.98,7.95,7.96,11130,8864862.0
2026-03-31 10:35:00,7.97,7.98,7.92,7.93,30213,24017058.0
2026-03-31 10:40:00,7.93,7.94,7.92,7.92,13207,10469257.0
2026-03-31 10:45:00,7.93,7.93,7.88,7.9,36675,28984387.0
2026-03-31 10:50:00,7.9,7.91,7.86,7.87,26940,21225351.0
2026-03-31 10:55:00,7.86,7.9,7.86,7.88,14396,11341900.0
2026-03-31 11:00:00,7.89,7.89,7.86,7.87,11061,8708787.0
2026-03-31 11:05:00,7.86,7.88,7.85,7.88,12418,9764401.0
2026-03-31 11:10:00,7.88,7.88,7.86,7.86,6996,5503305.0
2026-03-31 11:15:00,7.86,7.87,7.85,7.86,9755,7668845.0
2026-03-31 11:20:00,7.86,7.86,7.84,7.84,20814,16335504.0
2026-03-31 11:25:00,7.84,7.86,7.83,7.83,14283,11202151.0
2026-03-31 11:30:00,7.83,7.84,7.81,7.83,13809,10808950.0
2026-03-31 13:05:00,7.84,7.9,7.83,7.9,17093,13447758.0
2026-03-31 13:10:00,7.9,7.9,7.87,7.88,14101,11117600.0
2026-03-31 13:15:00,7.88,7.89,7.83,7.84,19812,15560251.0
2026-03-31 13:20:00,7.84,7.9,7.83,7.89,13908,10946787.0
2026-03-31 13:25:00,7.89,7.9,7.87,7.88,17663,13927868.0
2026-03-31 13:30:00,7.89,7.93,7.87,7.92,11894,9393545.0
2026-03-31 13:35:00,7.93,7.96,7.92,7.94,16571,13166672.0
2026-03-31 13:40:00,7.94,7.96,7.93,7.94,14496,11522230.0
2026-03-31 13:45:00,7.95,7.95,7.92,7.93,9305,7387748.0
2026-03-31 13:50:00,7.93,7.98,7.93,7.97,12851,10229753.0
2026-03-31 13:55:00,7.98,7.99,7.96,7.97,11636,9280688.0
2026-03-31 14:00:00,7.97,8.0,7.96,7.97,13785,11002117.0
2026-03-31 14:05:00,7.97,7.98,7.94,7.94,8470,6740461.0
2026-03-31 14:10:00,7.94,7.95,7.91,7.91,9652,7656410.0
2026-03-31 14:15:00,7.91,7.91,7.88,7.88,56463,44435417.0
2026-03-31 14:20:00,7.88,7.9,7.88,7.89,9032,7123441.0
2026-03-31 14:25:00,7.89,7.9,7.87,7.88,11170,8810763.0
2026-03-31 14:30:00,7.88,7.9,7.88,7.89,7810,6159300.0
2026-03-31 14:35:00,7.89,7.9,7.88,7.89,13045,10294797.0
2026-03-31 14:40:00,7.89,7.9,7.87,7.89,21498,16941416.0
2026-03-31 14:45:00,7.88,7.89,7.87,7.88,13420,10575571.0
2026-03-31 14:50:00,7.88,7.9,7.87,7.87,14763,11639791.0
2026-03-31 14:55:00,7.88,7.89,7.87,7.88,17433,13737971.0
2026-03-31 15:00:00,7.87,7.88,7.86,7.86,16289,12816578.0
2026-04-01 09:35:00,8.06,8.09,8.0,8.01,119310,95924795.0
2026-04-01 09:40:00,8.0,8.02,7.96,7.97,72160,57682619.0
2026-04-01 09:45:00,7.97,8.02,7.95,8.0,35572,28434095.0
2026-04-01 09:50:00,8.0,8.02,7.98,7.98,35711,28578275.0
2026-04-01 09:55:00,7.99,7.99,7.94,7.95,32238,25671243.0
2026-04-01 10:00:00,7.94,7.97,7.93,7.94,21616,17191697.0
2026-04-01 10:05:00,7.94,7.95,7.93,7.94,18302,14537834.0
2026-04-01 10:10:00,7.95,7.97,7.93,7.95,17186,13661766.0
2026-04-01 10:15:00,7.95,7.97,7.94,7.95,10858,8642370.0
2026-04-01 10:20:00,7.94,7.96,7.93,7.95,12786,10157900.0
2026-04-01 10:25:00,7.95,7.96,7.94,7.96,11412,9071922.0
2026-04-01 10:30:00,7.96,7.96,7.92,7.93,15386,12214108.0
2026-04-01 10:35:00,7.93,7.97,7.92,7.96,15027,11929823.0
2026-04-01 10:40:00,7.97,7.99,7.95,7.96,13349,10639144.0
2026-04-01 10:45:00,7.97,7.99,7.97,7.98,11654,9292715.0
2026-04-01 10:50:00,7.98,7.99,7.94,7.94,7695,6130143.0
2026-04-01 10:55:00,7.95,7.98,7.95,7.97,6554,5222303.0
2026-04-01 11:00:00,7.98,7.98,7.95,7.96,7369,5871614.0
2026-04-01 11:05:00,7.95,7.97,7.95,7.95,7997,6364425.0
2026-04-01 11:10:00,7.95,7.96,7.94,7.96,4505,3582500.0
2026-04-01 11:15:00,7.95,7.96,7.94,7.95,3689,2933177.0
2026-04-01 11:20:00,7.95,7.99,7.95,7.97,13156,10491533.0
2026-04-01 11:25:00,7.98,7.98,7.94,7.94,8430,6705396.0
2026-04-01 11:30:00,7.95,7.95,7.92,7.93,9756,7737631.0
2026-04-01 13:05:00,7.93,7.94,7.9,7.93,13935,11032908.0
2026-04-01 13:10:00,7.93,7.95,7.92,7.95,4975,3946649.0
2026-04-01 13:15:00,7.95,7.96,7.94,7.96,4115,3270440.0
2026-04-01 13:20:00,7.95,7.96,7.94,7.96,8195,6511858.0
2026-04-01 13:25:00,7.96,7.97,7.94,7.97,8322,6619616.0
2026-04-01 13:30:00,7.97,8.01,7.96,8.0,28497,22756130.0
2026-04-01 13:35:00,8.01,8.01,7.99,7.99,21363,17101353.0
2026-04-01 13:40:00,8.0,8.0,7.97,7.98,9556,7632937.0
2026-04-01 13:45:00,7.98,7.99,7.97,7.98,5149,4109511.0
2026-04-01 13:50:00,7.98,7.99,7.96,7.96,6374,5082891.0
2026-04-01 13:55:00,7.96,7.98,7.95,7.96,8566,6819350.0
2026-04-01 14:00:00,7.96,7.96,7.92,7.93,9697,7696045.0
2026-04-01 14:05:00,7.93,7.95,7.92,7.94,8024,6368927.0
2026-04-01 14:10:00,7.94,7.95,7.93,7.94,7996,6348522.0
2026-04-01 14:15:00,7.93,7.95,7.93,7.95,6629,5262943.0
2026-04-01 14:20:00,7.95,7.96,7.94,7.96,6312,5018269.0
2026-04-01 14:25:00,7.95,7.96,7.94,7.95,7929,6304848.0
2026-04-01 14:30:00,7.95,7.95,7.94,7.95,6684,5310579.0
2026-04-01 14:35:00,7.95,7.96,7.94,7.96,9228,7335769.0
2026-04-01 14:40:00,7.96,7.97,7.95,7.96,8695,6918370.0
2026-04-01 14:45:00,7.96,7.97,7.95,7.97,10914,8685364.0
2026-04-01 14:50:00,7.96,7.98,7.96,7.97,22485,17910566.0
2026-04-01 14:55:00,7.97,7.98,7.96,7.98,19586,15612533.0
2026-04-01 15:00:00,7.97,7.99,7.97,7.98,17272,13778826.0
2026-04-02 09:35:00,7.93,7.94,7.83,7.92,78701,62165470.0
2026-04-02 09:40:00,7.91,7.96,7.89,7.95,34804,27576294.0
2026-04-02 09:45:00,7.96,7.99,7.92,7.92,29126,23201336.0
2026-04-02 09:50:00,7.92,7.96,7.91,7.92,18159,14406635.0
2026-04-02 09:55:00,7.93,7.97,7.91,7.97,15107,11995132.0
2026-04-02 10:00:00,7.97,7.98,7.96,7.97,13426,10702160.0
2026-04-02 10:05:00,7.97,7.98,7.95,7.95,11268,8978701.0
2026-04-02 10:10:00,7.95,7.98,7.95,7.97,13117,10444961.0
2026-04-02 10:15:00,7.97,7.98,7.93,7.93,11022,8765974.0
2026-04-02 10:20:00,7.93,7.94,7.9,7.91,16645,13180355.0
2026-04-02 10:25:00,7.91,7.91,7.88,7.89,19295,15231005.0
2026-04-02 10:30:00,7.89,7.9,7.88,7.89,15219,12009888.0
2026-04-02 10:35:00,7.9,7.91,7.88,7.89,21818,17228156.0
2026-04-02 10:40:00,7.89,7.89,7.86,7.88,20926,16475530.0
2026-04-02 10:45:00,7.88,7.89,7.87,7.88,9151,7212876.0
2026-04-02 10:50:00,7.88,7.92,7.88,7.89,17089,13494168.0
2026-04-02 10:55:00,7.89,7.93,7.89,7.91,6587,5213374.0
2026-04-02 11:00:00,7.91,7.93,7.91,7.91,6064,4805458.0
2026-04-02 11:05:00,7.91,7.92,7.9,7.9,5648,4467537.0
2026-04-02 11:10:00,7.9,7.91,7.89,7.89,4273,3374794.0
2026-04-02 11:15:00,7.9,7.9,7.88,7.9,7108,5607728.0
2026-04-02 11:20:00,7.89,7.91,7.88,7.88,10830,8551136.0
2026-04-02 11:25:00,7.89,7.9,7.88,7.89,5022,3962985.0
2026-04-02 11:30:00,7.89,7.9,7.89,7.9,4173,3293961.0
2026-04-02 13:05:00,7.89,7.89,7.86,7.86,23746,18677162.0
2026-04-02 13:10:00,7.87,7.87,7.85,7.85,11855,9313143.0
2026-04-02 13:15:00,7.86,7.86,7.83,7.84,13033,10219037.0
2026-04-02 13:20:00,7.84,7.85,7.83,7.84,8725,6840972.0
2026-04-02 13:25:00,7.83,7.85,7.82,7.84,16841,13190588.0
2026-04-02 13:30:00,7.83,7.86,7.83,7.84,6352,4986028.0
2026-04-02 13:35:00,7.85,7.85,7.82,7.83,15445,12106419.0
2026-04-02 13:40:00,7.82,7.83,7.8,7.8,16474,12872478.0
2026-04-02 13:45:00,7.81,7.83,7.8,7.82,14042,10978874.0
2026-04-02 13:50:00,7.83,7.83,7.81,7.83,5871,4593861.0
2026-04-02 13:55:00,7.82,7.83,7.8,7.81,11345,8860051.0
2026-04-02 14:00:00,7.8,7.81,7.77,7.78,19665,15325322.0
2026-04-02 14:05:00,7.78,7.78,7.75,7.76,27484,21332236.0
2026-04-02 14:10:00,7.77,7.79,7.76,7.78,13073,10161994.0
2026-04-02 14:15:00,7.79,7.8,7.76,7.8,24493,19042965.0
2026-04-02 14:20:00,7.79,7.84,7.79,7.83,10197,7966920.0
2026-04-02 14:25:00,7.83,7.86,7.82,7.85,11694,9165729.0
2026-04-02 14:30:00,7.85,7.85,7.83,7.83,8710,6828537.0
2026-04-02 14:35:00,7.82,7.85,7.82,7.84,8939,7006176.0
2026-04-02 14:40:00,7.83,7.84,7.81,7.83,10355,8094967.0
2026-04-02 14:45:00,7.83,7.83,7.81,7.81,11115,8691806.0
2026-04-02 14:50:00,7.82,7.82,7.8,7.81,17491,13655484.0
2026-04-02 14:55:00,7.82,7.83,7.81,7.82,17421,13626434.0
2026-04-02 15:00:00,7.82,7.84,7.82,7.83,15986,12516880.0
2026-04-03 09:35:00,7.85,7.89,7.8,7.82,29262,22922763.0
2026-04-03 09:40:00,7.81,7.84,7.8,7.81,18363,14351556.0
2026-04-03 09:45:00,7.81,7.83,7.8,7.82,25211,19695221.0
2026-04-03 09:50:00,7.81,7.84,7.81,7.84,14963,11716708.0
2026-04-03 09:55:00,7.84,7.84,7.78,7.78,17685,13807617.0
2026-04-03 10:00:00,7.78,7.79,7.74,7.75,17088,13260355.0
2026-04-03 10:05:00,7.75,7.79,7.75,7.75,9612,7463633.0
2026-04-03 10:10:00,7.76,7.76,7.72,7.73,22306,17260539.0
2026-04-03 10:15:00,7.73,7.76,7.71,7.72,14289,11053306.0
2026-04-03 10:20:00,7.71,7.72,7.69,7.71,20376,15698561.0
2026-04-03 10:25:00,7.7,7.73,7.7,7.72,15217,11747637.0
2026-04-03 10:30:00,7.72,7.74,7.71,7.73,6926,5349798.0
2026-04-03 10:35:00,7.73,7.76,7.73,7.75,9470,7338383.0
2026-04-03 10:40:00,7.75,7.77,7.73,7.75,6222,4823066.0
2026-04-03 10:45:00,7.74,7.75,7.73,7.74,3503,2710760.0
2026-04-03 10:50:00,7.73,7.74,7.73,7.73,15539,11991794.0
2026-04-03 10:55:00,7.73,7.76,7.73,7.75,4263,3301391.0
2026-04-03 11:00:00,7.74,7.75,7.69,7.69,11267,8695359.0
2026-04-03 11:05:00,7.69,7.72,7.69,7.72,4907,3782217.0
2026-04-03 11:10:00,7.72,7.74,7.71,7.73,3728,2879907.0
2026-04-03 11:15:00,7.73,7.74,7.71,7.71,5720,4419628.0
2026-04-03 11:20:00,7.71,7.72,7.7,7.72,6241,4812988.0
2026-04-03 11:25:00,7.72,7.73,7.7,7.71,3770,2908603.0
2026-04-03 11:30:00,7.7,7.72,7.7,7.71,6880,5303139.0
2026-04-03 13:05:00,7.7,7.74,7.7,7.72,13685,10571329.0
2026-04-03 13:10:00,7.72,7.76,7.71,7.76,10054,7775119.0
2026-04-03 13:15:00,7.75,7.76,7.73,7.74,6307,4884724.0
2026-04-03 13:20:00,7.73,7.74,7.72,7.73,7054,5451979.0
2026-04-03 13:25:00,7.73,7.74,7.71,7.72,7219,5575474.0
2026-04-03 13:30:00,7.73,7.74,7.72,7.73,7621,5892263.0
2026-04-03 13:35:00,7.73,7.75,7.72,7.73,6198,4795283.0
2026-04-03 13:40:00,7.73,7.76,7.72,7.75,5002,3873649.0
2026-04-03 13:45:00,7.74,7.76,7.74,7.76,6962,5400918.0
2026-04-03 13:50:00,7.76,7.76,7.73,7.75,8576,6645311.0
2026-04-03 13:55:00,7.75,7.77,7.74,7.76,11520,8940163.0
2026-04-03 14:00:00,7.77,7.77,7.75,7.77,4154,3224352.0
2026-04-03 14:05:00,7.77,7.79,7.76,7.77,8488,6599833.0
2026-04-03 14:10:00,7.76,7.77,7.73,7.75,8716,6752917.0
2026-04-03 14:15:00,7.75,7.76,7.74,7.75,5087,3939847.0
2026-04-03 14:20:00,7.76,7.76,7.73,7.75,6943,5377310.0
2026-04-03 14:25:00,7.75,7.75,7.73,7.73,4553,3523856.0
2026-04-03 14:30:00,7.74,7.74,7.72,7.73,7879,6089308.0
2026-04-03 14:35:00,7.73,7.74,7.71,7.72,9657,7458437.0
2026-04-03 14:40:00,7.72,7.72,7.71,7.71,6357,4902499.0
2026-04-03 14:45:00,7.71,7.72,7.7,7.71,18308,14124212.0
2026-04-03 14:50:00,7.71,7.72,7.71,7.72,9888,7626268.0
2026-04-03 14:55:00,7.72,7.73,7.71,7.71,20040,15461437.0
2026-04-03 15:00:00,7.71,7.71,7.7,7.7,10651,8205617.0
2026-04-07 09:35:00,7.7,7.77,7.69,7.75,34876,26953386.0
2026-04-07 09:40:00,7.76,7.77,7.73,7.74,19231,14899924.0
2026-04-07 09:45:00,7.73,7.81,7.73,7.8,26543,20669832.0
2026-04-07 09:50:00,7.8,7.84,7.79,7.83,29142,22775024.0
2026-04-07 09:55:00,7.82,7.83,7.77,7.78,16864,13159031.0
2026-04-07 10:00:00,7.78,7.79,7.75,7.77,12853,9985738.0
2026-04-07 10:05:00,7.78,7.78,7.75,7.78,12763,9916734.0
2026-04-07 10:10:00,7.78,7.79,7.77,7.78,10204,7935748.0
2026-04-07 10:15:00,7.78,7.83,7.78,7.82,16385,12798658.0
2026-04-07 10:20:00,7.82,7.82,7.8,7.81,7881,6152753.0
2026-04-07 10:25:00,7.8,7.81,7.77,7.77,12652,9854300.0
2026-04-07 10:30:00,7.78,7.8,7.77,7.78,6081,4732557.0
2026-04-07 10:35:00,7.78,7.82,7.78,7.8,12725,9930983.0
2026-04-07 10:40:00,7.8,7.81,7.79,7.81,4236,3303714.0
2026-04-07 10:45:00,7.81,7.81,7.78,7.8,7575,5902131.0
2026-04-07 10:50:00,7.8,7.82,7.79,7.81,8643,6748239.0
2026-04-07 10:55:00,7.81,7.82,7.78,7.78,5671,4423498.0
2026-04-07 11:00:00,7.78,7.79,7.78,7.79,4051,3153480.0
2026-04-07 11:05:00,7.79,7.79,7.78,7.79,4158,3238654.0
2026-04-07 11:10:00,7.79,7.79,7.77,7.78,4893,3806484.0
2026-04-07 11:15:00,7.77,7.78,7.76,7.77,6655,5169477.0
2026-04-07 11:20:00,7.77,7.77,7.75,7.75,7834,6078266.0
2026-04-07 11:25:00,7.75,7.76,7.74,7.75,6453,5000606.0
2026-04-07 11:30:00,7.74,7.75,7.72,7.73,7393,5717295.0
2026-04-07 13:05:00,7.72,7.76,7.72,7.76,6075,4705654.0
2026-04-07 13:10:00,7.76,7.78,7.75,7.75,4424,3434607.0
2026-04-07 13:15:00,7.76,7.81,7.75,7.81,15096,11743321.0
2026-04-07 13:20:00,7.8,7.81,7.75,7.76,17221,13411001.0
2026-04-07 13:25:00,7.76,7.78,7.75,7.78,5734,4454400.0
2026-04-07 13:30:00,7.78,7.79,7.76,7.77,7139,5551808.0
2026-04-07 13:35:00,7.77,7.82,7.77,7.82,14242,11107420.0
2026-04-07 13:40:00,7.82,7.83,7.81,7.82,13390,10470848.0
2026-04-07 13:45:00,7.82,7.83,7.81,7.82,7418,5799568.0
2026-04-07 13:50:00,7.81,7.83,7.8,7.81,11680,9134999.0
2026-04-07 13:55:00,7.82,7.83,7.81,7.82,7518,5876328.0
2026-04-07 14:00:00,7.82,7.85,7.82,7.84,12561,9841689.0
2026-04-07 14:05:00,7.84,7.87,7.84,7.84,21775,17101102.0
2026-04-07 14:10:00,7.85,7.85,7.82,7.82,8157,6387783.0
2026-04-07 14:15:00,7.82,7.83,7.8,7.81,7622,5954825.0
2026-04-07 14:20:00,7.8,7.82,7.8,7.81,7257,5667490.0
2026-04-07 14:25:00,7.81,7.82,7.8,7.81,7012,5474057.0
2026-04-07 14:30:00,7.82,7.82,7.8,7.8,8198,6401012.0
2026-04-07 14:35:00,7.8,7.82,7.79,7.8,15151,11823708.0
2026-04-07 14:40:00,7.8,7.81,7.79,7.81,13964,10893962.0
2026-04-07 14:45:00,7.8,7.82,7.8,7.8,14854,11595634.0
2026-04-07 14:50:00,7.8,7.82,7.8,7.81,12373,9661519.0
2026-04-07 14:55:00,7.81,7.83,7.8,7.83,13033,10186611.0
2026-04-07 15:00:00,7.82,7.83,7.81,7.82,9650,7544600.0
2026-04-08 09:35:00,8.09,8.3,8.06,8.19,231709,189030930.0
2026-04-08 09:40:00,8.19,8.2,8.14,8.19,90966,74299713.0
2026-04-08 09:45:00,8.2,8.22,8.18,8.19,54550,44721036.0
2026-04-08 09:50:00,8.2,8.22,8.18,8.21,51794,42491188.0
2026-04-08 09:55:00,8.2,8.22,8.16,8.17,41028,33625493.0
2026-04-08 10:00:00,8.16,8.18,8.13,8.15,42978,35045922.0
2026-04-08 10:05:00,8.16,8.17,8.14,8.16,21842,17821587.0
2026-04-08 10:10:00,8.16,8.21,8.14,8.2,33220,27200991.0
2026-04-08 10:15:00,8.2,8.21,8.18,8.19,19247,15780682.0
2026-04-08 10:20:00,8.19,8.21,8.18,8.19,14432,11830590.0
2026-04-08 10:25:00,8.19,8.2,8.17,8.18,13298,10881631.0
2026-04-08 10:30:00,8.19,8.22,8.17,8.22,19297,15828178.0
2026-04-08 10:35:00,8.22,8.25,8.21,8.25,28451,23413844.0
2026-04-08 10:40:00,8.25,8.28,8.23,8.26,38956,32178044.0
2026-04-08 10:45:00,8.26,8.28,8.26,8.28,12586,10405306.0
2026-04-08 10:50:00,8.28,8.29,8.27,8.29,20285,16798971.0
2026-04-08 10:55:00,8.29,8.32,8.28,8.31,50289,41727369.0
2026-04-08 11:00:00,8.31,8.31,8.26,8.27,19353,16031267.0
2026-04-08 11:05:00,8.27,8.29,8.26,8.29,11725,9704193.0
2026-04-08 11:10:00,8.29,8.29,8.26,8.28,8570,7088551.0
2026-04-08 11:15:00,8.28,8.3,8.27,8.3,8344,6914455.0
2026-04-08 11:20:00,8.3,8.31,8.28,8.29,15784,13095693.0
2026-04-08 11:25:00,8.28,8.3,8.28,8.29,6760,5604105.0
2026-04-08 11:30:00,8.29,8.3,8.27,8.29,16818,13935727.0
2026-04-08 13:05:00,8.29,8.31,8.26,8.31,27841,23068721.0
2026-04-08 13:10:00,8.31,8.31,8.27,8.29,13145,10886151.0
2026-04-08 13:15:00,8.29,8.29,8.27,8.28,10119,8381324.0
2026-04-08 13:20:00,8.29,8.3,8.28,8.29,18307,15175126.0
2026-04-08 13:25:00,8.29,8.3,8.28,8.29,11606,9621668.0
2026-04-08 13:30:00,8.3,8.3,8.27,8.28,23027,19077632.0
2026-04-08 13:35:00,8.27,8.29,8.25,8.28,22548,18639031.0
2026-04-08 13:40:00,8.29,8.3,8.28,8.3,13534,11221053.0
2026-04-08 13:45:00,8.3,8.32,8.29,8.3,27713,23014832.0
2026-04-08 13:50:00,8.3,8.31,8.29,8.3,9787,8123789.0
2026-04-08 13:55:00,8.3,8.32,8.29,8.3,17158,14249577.0
2026-04-08 14:00:00,8.3,8.31,8.28,8.28,10172,8435175.0
2026-04-08 14:05:00,8.29,8.29,8.28,8.29,10650,8825585.0
2026-04-08 14:10:00,8.29,8.29,8.26,8.27,13201,10919534.0
2026-04-08 14:15:00,8.27,8.27,8.26,8.27,13710,11332745.0
2026-04-08 14:20:00,8.28,8.28,8.26,8.28,22302,18450839.0
2026-04-08 14:25:00,8.28,8.28,8.26,8.28,13004,10755951.0
2026-04-08 14:30:00,8.28,8.28,8.26,8.27,11649,9635979.0
2026-04-08 14:35:00,8.27,8.28,8.26,8.27,12028,9949455.0
2026-04-08 14:40:00,8.27,8.28,8.27,8.27,16380,13558292.0
2026-04-08 14:45:00,8.28,8.29,8.27,8.28,15202,12592094.0
2026-04-08 14:50:00,8.28,8.3,8.27,8.3,35914,29767433.0
2026-04-08 14:55:00,8.3,8.31,8.29,8.3,31570,26195126.0
2026-04-08 15:00:00,8.3,8.3,8.28,8.3,31266,25939666.0
2026-04-09 09:35:00,8.22,8.27,8.18,8.24,94571,77747634.0
2026-04-09 09:40:00,8.25,8.26,8.19,8.2,60875,50007400.0
2026-04-09 09:45:00,8.21,8.24,8.2,8.24,28838,23713527.0
2026-04-09 09:50:00,8.23,8.27,8.23,8.24,20314,16761579.0
2026-04-09 09:55:00,8.25,8.28,8.25,8.27,20932,17308225.0
2026-04-09 10:00:00,8.27,8.27,8.24,8.25,14242,11755371.0
2026-04-09 10:05:00,8.24,8.26,8.23,8.26,21303,17563434.0
2026-04-09 10:10:00,8.25,8.29,8.25,8.28,17155,14200471.0
2026-04-09 10:15:00,8.27,8.29,8.26,8.28,11445,9467216.0
2026-04-09 10:20:00,8.27,8.29,8.26,8.28,7356,6088614.0
2026-04-09 10:25:00,8.28,8.29,8.27,8.27,6672,5524579.0
2026-04-09 10:30:00,8.27,8.28,8.25,8.26,18035,14895739.0
2026-04-09 10:35:00,8.25,8.28,8.25,8.28,10386,8587461.0
2026-04-09 10:40:00,8.28,8.29,8.25,8.26,9934,8216905.0
2026-04-09 10:45:00,8.26,8.31,8.25,8.3,26167,21693595.0
2026-04-09 10:50:00,8.31,8.31,8.27,8.28,16624,13788795.0
2026-04-09 10:55:00,8.28,8.29,8.27,8.28,3456,2862480.0
2026-04-09 11:00:00,8.28,8.29,8.27,8.27,10679,8844659.0
2026-04-09 11:05:00,8.27,8.28,8.25,8.27,12028,9940684.0
2026-04-09 11:10:00,8.27,8.29,8.26,8.28,6405,5298611.0
2026-04-09 11:15:00,8.28,8.28,8.25,8.25,7625,6295947.0
2026-04-09 11:20:00,8.25,8.27,8.25,8.26,6044,4993024.0
2026-04-09 11:25:00,8.27,8.28,8.25,8.27,4208,3478226.0
2026-04-09 11:30:00,8.26,8.28,8.25,8.27,10491,8666932.0
2026-04-09 13:05:00,8.24,8.26,8.2,8.2,36486,30013831.0
2026-04-09 13:10:00,8.2,8.23,8.2,8.22,9522,7818902.0
2026-04-09 13:15:00,8.21,8.22,8.19,8.19,17810,14606611.0
2026-04-09 13:20:00,8.19,8.2,8.18,8.19,12908,10569205.0
2026-04-09 13:25:00,8.19,8.22,8.17,8.21,23970,19621271.0
2026-04-09 13:30:00,8.21,8.23,8.21,8.22,4731,3890391.0
2026-04-09 13:35:00,8.23,8.25,8.23,8.24,7669,6318757.0
2026-04-09 13:40:00,8.24,8.24,8.22,8.23,9610,7908557.0
2026-04-09 13:45:00,8.23,8.24,8.22,8.23,5109,4203604.0
2026-04-09 13:50:00,8.24,8.24,8.22,8.23,4859,3999171.0
2026-04-09 13:55:00,8.22,8.23,8.21,8.21,3878,3186688.0
2026-04-09 14:00:00,8.22,8.24,8.21,8.22,5408,4448409.0
2026-04-09 14:05:00,8.22,8.24,8.21,8.24,5035,4143062.0
2026-04-09 14:10:00,8.24,8.25,8.23,8.24,6941,5718139.0
2026-04-09 14:15:00,8.24,8.24,8.23,8.24,2834,2333164.0
2026-04-09 14:20:00,8.23,8.24,8.22,8.22,4162,3423603.0
2026-04-09 14:25:00,8.22,8.23,8.22,8.23,3070,2525335.0
2026-04-09 14:30:00,8.22,8.24,8.22,8.22,8324,6845482.0
2026-04-09 14:35:00,8.22,8.23,8.2,8.21,10537,8655903.0
2026-04-09 14:40:00,8.2,8.23,8.2,8.22,9926,8156336.0
2026-04-09 14:45:00,8.22,8.22,8.2,8.21,9274,7614522.0
2026-04-09 14:50:00,8.2,8.21,8.2,8.2,14008,11493153.0
2026-04-09 14:55:00,8.21,8.22,8.2,8.21,14687,12059632.0
2026-04-09 15:00:00,8.21,8.22,8.2,8.2,14571,11954744.0
2026-04-10 09:35:00,8.29,8.38,8.26,8.37,94282,78406297.0
2026-04-10 09:40:00,8.38,8.39,8.35,8.36,55777,46694867.0
2026-04-10 09:45:00,8.35,8.37,8.34,8.36,29024,24250942.0
2026-04-10 09:50:00,8.36,8.37,8.34,8.34,25769,21542373.0
2026-04-10 09:55:00,8.35,8.36,8.33,8.34,22381,18666006.0
2026-04-10 10:00:00,8.35,8.36,8.34,8.35,16002,13356696.0
2026-04-10 10:05:00,8.36,8.36,8.33,8.34,15156,12642573.0
2026-04-10 10:10:00,8.34,8.39,8.33,8.37,29686,24839876.0
2026-04-10 10:15:00,8.37,8.37,8.33,8.34,23639,19751541.0
2026-04-10 10:20:00,8.34,8.36,8.32,8.34,16732,13946889.0
2026-04-10 10:25:00,8.34,8.35,8.33,8.35,7136,5953413.0
2026-04-10 10:30:00,8.34,8.37,8.32,8.34,29307,24455113.0
2026-04-10 10:35:00,8.34,8.35,8.31,8.31,17803,14819048.0
2026-04-10 10:40:00,8.31,8.33,8.3,8.31,13171,10946449.0
2026-04-10 10:45:00,8.31,8.31,8.28,8.29,16528,13717834.0
2026-04-10 10:50:00,8.28,8.31,8.27,8.3,22152,18350487.0
2026-04-10 10:55:00,8.31,8.32,8.3,8.31,5942,4934823.0
2026-04-10 11:00:00,8.31,8.32,8.3,8.3,5389,4476947.0
2026-04-10 11:05:00,8.31,8.31,8.28,8.28,6231,5166683.0
2026-04-10 11:10:00,8.29,8.29,8.26,8.26,12078,9998314.0
2026-04-10 11:15:00,8.27,8.28,8.25,8.25,16003,13224254.0
2026-04-10 11:20:00,8.26,8.27,8.26,8.27,7070,5841717.0
2026-04-10 11:25:00,8.27,8.27,8.26,8.27,6475,5353167.0
2026-04-10 11:30:00,8.27,8.27,8.25,8.26,12836,10607241.0
2026-04-10 13:05:00,8.25,8.28,8.25,8.26,11664,9641088.0
2026-04-10 13:10:00,8.27,8.27,8.25,8.26,7761,6412491.0
2026-04-10 13:15:00,8.26,8.27,8.24,8.25,15042,12406383.0
2026-04-10 13:20:00,8.24,8.25,8.23,8.25,12449,10251799.0
2026-04-10 13:25:00,8.25,8.27,8.24,8.26,4732,3905882.0
2026-04-10 13:30:00,8.27,8.27,8.25,8.26,8337,6886646.0
2026-04-10 13:35:00,8.25,8.29,8.25,8.29,6543,5409639.0
2026-04-10 13:40:00,8.29,8.29,8.27,8.28,4523,3745851.0
2026-04-10 13:45:00,8.28,8.29,8.27,8.28,5979,4948738.0
2026-04-10 13:50:00,8.28,8.29,8.27,8.29,5727,4741960.0
2026-04-10 13:55:00,8.28,8.29,8.28,8.28,7680,6362266.0
2026-04-10 14:00:00,8.28,8.3,8.28,8.29,8060,6681652.0
2026-04-10 14:05:00,8.28,8.28,8.26,8.26,12021,9942729.0
2026-04-10 14:10:00,8.26,8.27,8.25,8.25,13385,11056809.0
2026-04-10 14:15:00,8.26,8.27,8.25,8.26,8131,6714284.0
2026-04-10 14:20:00,8.25,8.26,8.23,8.24,12931,10661595.0
2026-04-10 14:25:00,8.23,8.24,8.23,8.23,12104,9966590.0
2026-04-10 14:30:00,8.23,8.25,8.23,8.24,10464,8623016.0
2026-04-10 14:35:00,8.25,8.25,8.24,8.24,10990,9060890.0
2026-04-10 14:40:00,8.24,8.25,8.23,8.24,9079,7482538.0
2026-04-10 14:45:00,8.25,8.25,8.22,8.23,23823,19622531.0
2026-04-10 14:50:00,8.22,8.24,8.22,8.23,15836,13034492.0
2026-04-10 14:55:00,8.23,8.23,8.21,8.23,22591,18581215.0
2026-04-10 15:00:00,8.22,8.25,8.22,8.23,14455,11902090.0
2026-04-13 09:35:00,8.19,8.35,8.16,8.3,101021,83492848.0
2026-04-13 09:40:00,8.29,8.3,8.25,8.3,43038,35613121.0
2026-04-13 09:45:00,8.3,8.32,8.26,8.27,39892,33090774.0
2026-04-13 09:50:00,8.26,8.29,8.25,8.29,22528,18606948.0
2026-04-13 09:55:00,8.29,8.33,8.26,8.33,37615,31237743.0
2026-04-13 10:00:00,8.33,8.36,8.33,8.34,44698,37306385.0
2026-04-13 10:05:00,8.35,8.35,8.3,8.31,22511,18761378.0
2026-04-13 10:10:00,8.31,8.32,8.29,8.3,17407,14455096.0
2026-04-13 10:15:00,8.29,8.3,8.28,8.29,11889,9854104.0
2026-04-13 10:20:00,8.28,8.31,8.28,8.28,11303,9372907.0
2026-04-13 10:25:00,8.28,8.29,8.26,8.26,11973,9906675.0
2026-04-13 10:30:00,8.27,8.29,8.26,8.29,8225,6803691.0
2026-04-13 10:35:00,8.29,8.31,8.28,8.29,12779,10600024.0
2026-04-13 10:40:00,8.29,8.3,8.25,8.26,13246,10954648.0
2026-04-13 10:45:00,8.26,8.27,8.25,8.26,7987,6595477.0
2026-04-13 10:50:00,8.25,8.26,8.23,8.24,13839,11406820.0
2026-04-13 10:55:00,8.23,8.24,8.21,8.22,15035,12366886.0
2026-04-13 11:00:00,8.22,8.24,8.22,8.23,5710,4700798.0
2026-04-13 11:05:00,8.24,8.24,8.23,8.23,6148,5061560.0
2026-04-13 11:10:00,8.23,8.25,8.23,8.23,3969,3269611.0
2026-04-13 11:15:00,8.23,8.24,8.23,8.23,5643,4645370.0
2026-04-13 11:20:00,8.24,8.24,8.23,8.23,3594,2960430.0
2026-04-13 11:25:00,8.23,8.25,8.23,8.25,3597,2963043.0
2026-04-13 11:30:00,8.25,8.27,8.24,8.27,7723,6370776.0
2026-04-13 13:05:00,8.25,8.29,8.25,8.27,11215,9274738.0
2026-04-13 13:10:00,8.27,8.27,8.24,8.26,4874,4020569.0
2026-04-13 13:15:00,8.26,8.26,8.24,8.24,3105,2561029.0
2026-04-13 13:20:00,8.25,8.27,8.24,8.27,7333,6051056.0
2026-04-13 13:25:00,8.27,8.27,8.25,8.27,5031,4157725.0
2026-04-13 13:30:00,8.27,8.29,8.26,8.28,6762,5597202.0
2026-04-13 13:35:00,8.28,8.3,8.27,8.28,10266,8503397.0
2026-04-13 13:40:00,8.28,8.3,8.28,8.3,7582,6282829.0
2026-04-13 13:45:00,8.3,8.3,8.27,8.28,15666,12980398.0
2026-04-13 13:50:00,8.28,8.29,8.27,8.28,6463,5351601.0
2026-04-13 13:55:00,8.28,8.29,8.27,8.28,3414,2828016.0
2026-04-13 14:00:00,8.29,8.29,8.28,8.29,5136,4253827.0
2026-04-13 14:05:00,8.29,8.3,8.28,8.3,10441,8658093.0
2026-04-13 14:10:00,8.3,8.4,8.29,8.37,113845,95156935.0
2026-04-13 14:15:00,8.37,8.39,8.36,8.37,36286,30402178.0
2026-04-13 14:20:00,8.38,8.39,8.36,8.37,33703,28234329.0
2026-04-13 14:25:00,8.36,8.37,8.36,8.36,18111,15142509.0
2026-04-13 14:30:00,8.37,8.37,8.36,8.36,14972,12519903.0
2026-04-13 14:35:00,8.37,8.37,8.35,8.35,28286,23658360.0
2026-04-13 14:40:00,8.35,8.37,8.34,8.34,18908,15796868.0
2026-04-13 14:45:00,8.34,8.35,8.33,8.33,13787,11496601.0
2026-04-13 14:50:00,8.33,8.35,8.33,8.35,13454,11224229.0
2026-04-13 14:55:00,8.34,8.35,8.34,8.34,20629,17211457.0
2026-04-13 15:00:00,8.33,8.35,8.33,8.34,20078,16745839.0
2026-04-14 09:35:00,8.44,8.46,8.35,8.35,61568,51751818.0
2026-04-14 09:40:00,8.37,8.39,8.34,8.38,32295,27015720.0
2026-04-14 09:45:00,8.37,8.39,8.36,8.38,24214,20287309.0
2026-04-14 09:50:00,8.39,8.42,8.37,8.39,25892,21737513.0
2026-04-14 09:55:00,8.39,8.43,8.38,8.43,25067,21073867.0
2026-04-14 10:00:00,8.43,8.44,8.37,8.39,22444,18853576.0
2026-04-14 10:05:00,8.39,8.42,8.39,8.39,19450,16344530.0
2026-04-14 10:10:00,8.39,8.4,8.38,8.38,13635,11443590.0
2026-04-14 10:15:00,8.38,8.45,8.37,8.45,28708,24144955.0
2026-04-14 10:20:00,8.45,8.53,8.44,8.51,97228,82553193.0
2026-04-14 10:25:00,8.51,8.51,8.48,8.48,29366,24929271.0
2026-04-14 10:30:00,8.48,8.48,8.46,8.47,16105,13643290.0
2026-04-14 10:35:00,8.47,8.47,8.45,8.45,22202,18773707.0
2026-04-14 10:40:00,8.46,8.46,8.41,8.42,23741,20016944.0
2026-04-14 10:45:00,8.41,8.45,8.41,8.45,9468,7985768.0
2026-04-14 10:50:00,8.45,8.48,8.44,8.47,12131,10267339.0
2026-04-14 10:55:00,8.48,8.48,8.45,8.46,9635,8153751.0
2026-04-14 11:00:00,8.45,8.46,8.44,8.45,8680,7335071.0
2026-04-14 11:05:00,8.44,8.46,8.43,8.45,8158,6887895.0
2026-04-14 11:10:00,8.45,8.46,8.44,8.45,5427,4584394.0
2026-04-14 11:15:00,8.44,8.45,8.43,8.43,5167,4360568.0
2026-04-14 11:20:00,8.44,8.44,8.42,8.44,10624,8953969.0
2026-04-14 11:25:00,8.44,8.44,8.42,8.43,5118,4314174.0
2026-04-14 11:30:00,8.42,8.46,8.42,8.45,9523,8039212.0
2026-04-14 13:05:00,8.45,8.46,8.41,8.43,17312,14597828.0
2026-04-14 13:10:00,8.42,8.45,8.42,8.43,7437,6271489.0
2026-04-14 13:15:00,8.44,8.44,8.42,8.43,11518,9705722.0
2026-04-14 13:20:00,8.42,8.43,8.4,8.4,15110,12707510.0
2026-04-14 13:25:00,8.41,8.41,8.38,8.38,20710,17383982.0
2026-04-14 13:30:00,8.38,8.38,8.36,8.37,17636,14762947.0
2026-04-14 13:35:00,8.38,8.38,8.33,8.34,29739,24842973.0
2026-04-14 13:40:00,8.34,8.35,8.33,8.35,9892,8251863.0
2026-04-14 13:45:00,8.34,8.38,8.34,8.38,12249,10238879.0
2026-04-14 13:50:00,8.38,8.38,8.35,8.36,5732,4794822.0
2026-04-14 13:55:00,8.36,8.36,8.33,8.34,10535,8788493.0
2026-04-14 14:00:00,8.34,8.36,8.33,8.35,7213,6019430.0
2026-04-14 14:05:00,8.35,8.37,8.34,8.36,10208,8526928.0
2026-04-14 14:10:00,8.35,8.36,8.35,8.35,3710,3099039.0
2026-04-14 14:15:00,8.35,8.36,8.34,8.34,10056,8392710.0
2026-04-14 14:20:00,8.34,8.35,8.33,8.34,10168,8480598.0
2026-04-14 14:25:00,8.34,8.35,8.33,8.34,6870,5730173.0
2026-04-14 14:30:00,8.33,8.34,8.33,8.34,7046,5872440.0
2026-04-14 14:35:00,8.34,8.34,8.33,8.34,17687,14735976.0
2026-04-14 14:40:00,8.33,8.37,8.33,8.37,20415,17042775.0
2026-04-14 14:45:00,8.37,8.38,8.36,8.38,11560,9676790.0
2026-04-14 14:50:00,8.38,8.39,8.37,8.38,18318,15347710.0
2026-04-14 14:55:00,8.39,8.42,8.38,8.42,26125,21945682.0
2026-04-14 15:00:00,8.41,8.43,8.41,8.41,14828,12478509.0
2026-04-15 09:35:00,8.46,8.55,8.46,8.51,92075,78376054.0
2026-04-15 09:40:00,8.51,8.51,8.48,8.5,40646,34532758.0
2026-04-15 09:45:00,8.5,8.51,8.48,8.49,27909,23707824.0
2026-04-15 09:50:00,8.49,8.52,8.48,8.52,28936,24587935.0
2026-04-15 09:55:00,8.53,8.55,8.45,8.45,52442,44592062.0
2026-04-15 10:00:00,8.46,8.48,8.46,8.46,19587,16577369.0
2026-04-15 10:05:00,8.46,8.49,8.45,8.45,20430,17290585.0
2026-04-15 10:10:00,8.45,8.48,8.43,8.45,14620,12348787.0
2026-04-15 10:15:00,8.45,8.46,8.41,8.43,23787,20054204.0
2026-04-15 10:20:00,8.43,8.43,8.41,8.42,16890,14218100.0
2026-04-15 10:25:00,8.42,8.42,8.37,8.38,30378,25497417.0
2026-04-15 10:30:00,8.38,8.39,8.37,8.38,10207,8549659.0
2026-04-15 10:35:00,8.37,8.38,8.32,8.34,28066,23432542.0
2026-04-15 10:40:00,8.34,8.36,8.33,8.35,15378,12826996.0
2026-04-15 10:45:00,8.35,8.37,8.34,8.37,12895,10776713.0
2026-04-15 10:50:00,8.37,8.38,8.33,8.35,15833,13222115.0
2026-04-15 10:55:00,8.35,8.35,8.33,8.33,5537,4617741.0
2026-04-15 11:00:00,8.33,8.35,8.33,8.33,11100,9251844.0
2026-04-15 11:05:00,8.32,8.33,8.3,8.3,20249,16832431.0
2026-04-15 11:10:00,8.3,8.31,8.29,8.31,16213,13457888.0
2026-04-15 11:15:00,8.3,8.32,8.3,8.32,9088,7550576.0
2026-04-15 11:20:00,8.32,8.33,8.31,8.31,6051,5035887.0
2026-04-15 11:25:00,8.32,8.32,8.28,8.3,18831,15625009.0
2026-04-15 11:30:00,8.29,8.31,8.28,8.3,9502,7883130.0
2026-04-15 13:05:00,8.3,8.32,8.29,8.29,10668,8854718.0
2026-04-15 13:10:00,8.29,8.3,8.29,8.3,8101,6718415.0
2026-04-15 13:15:00,8.29,8.3,8.28,8.28,17058,14131612.0
2026-04-15 13:20:00,8.28,8.28,8.26,8.26,10257,8480585.0
2026-04-15 13:25:00,8.27,8.27,8.23,8.24,23990,19799912.0
2026-04-15 13:30:00,8.24,8.26,8.23,8.23,13860,11422140.0
2026-04-15 13:35:00,8.24,8.26,8.24,8.26,6276,5177283.0
2026-04-15 13:40:00,8.25,8.26,8.23,8.24,10138,8357620.0
2026-04-15 13:45:00,8.24,8.26,8.24,8.25,7897,6515578.0
2026-04-15 13:50:00,8.25,8.25,8.23,8.23,11884,9792571.0
2026-04-15 13:55:00,8.23,8.25,8.23,8.24,12317,10149512.0
2026-04-15 14:00:00,8.25,8.27,8.25,8.27,8985,7424229.0
2026-04-15 14:05:00,8.27,8.28,8.24,8.25,8675,7164248.0
2026-04-15 14:10:00,8.26,8.26,8.24,8.24,3976,3278024.0
2026-04-15 14:15:00,8.24,8.25,8.23,8.24,10867,8953209.0
2026-04-15 14:20:00,8.23,8.24,8.21,8.24,23420,19256986.0
2026-04-15 14:25:00,8.24,8.25,8.23,8.24,6600,5441012.0
2026-04-15 14:30:00,8.23,8.25,8.23,8.24,5381,4432219.0
2026-04-15 14:35:00,8.25,8.26,8.22,8.23,15486,12755378.0
2026-04-15 14:40:00,8.22,8.23,8.21,8.22,12282,10091983.0
2026-04-15 14:45:00,8.22,8.22,8.19,8.2,29692,24351066.0
2026-04-15 14:50:00,8.19,8.2,8.18,8.19,21282,17437880.0
2026-04-15 14:55:00,8.19,8.21,8.19,8.21,21635,17744457.0
2026-04-15 15:00:00,8.21,8.23,8.2,8.21,13995,11489476.0
2026-04-16 09:35:00,8.25,8.33,8.24,8.28,46528,38539322.0
2026-04-16 09:40:00,8.27,8.31,8.26,8.29,29020,24056339.0
2026-04-16 09:45:00,8.28,8.32,8.27,8.27,25211,20922131.0
2026-04-16 09:50:00,8.28,8.33,8.27,8.32,31024,25786057.0
2026-04-16 09:55:00,8.32,8.34,8.31,8.32,21148,17613769.0
2026-04-16 10:00:00,8.31,8.33,8.3,8.32,15188,12633513.0
2026-04-16 10:05:00,8.32,8.35,8.31,8.34,23865,19886079.0
2026-04-16 10:10:00,8.34,8.35,8.33,8.34,16135,13459677.0
2026-04-16 10:15:00,8.33,8.34,8.32,8.33,7566,6301081.0
2026-04-16 10:20:00,8.33,8.33,8.29,8.29,20718,17204434.0
2026-04-16 10:25:00,8.29,8.29,8.26,8.28,16106,13320389.0
2026-04-16 10:30:00,8.29,8.29,8.27,8.28,6703,5550445.0
2026-04-16 10:35:00,8.28,8.32,8.28,8.29,16811,13940547.0
2026-04-16 10:40:00,8.29,8.29,8.27,8.29,6562,5434427.0
2026-04-16 10:45:00,8.29,8.29,8.26,8.27,7115,5886379.0
2026-04-16 10:50:00,8.28,8.32,8.28,8.3,11590,9620468.0
2026-04-16 10:55:00,8.3,8.32,8.28,8.28,7175,5957786.0
2026-04-16 11:00:00,8.29,8.3,8.28,8.3,4900,4060333.0
2026-04-16 11:05:00,8.29,8.32,8.29,8.31,9238,7670047.0
2026-04-16 11:10:00,8.32,8.35,8.31,8.33,21853,18209461.0
2026-04-16 11:15:00,8.33,8.34,8.31,8.32,6717,5590017.0
2026-04-16 11:20:00,8.32,8.34,8.31,8.33,7285,6065619.0
2026-04-16 11:25:00,8.32,8.34,8.32,8.32,11089,9236947.0
2026-04-16 11:30:00,8.33,8.33,8.32,8.32,7053,5871790.0
2026-04-16 13:05:00,8.32,8.38,8.32,8.36,56312,47059160.0
2026-04-16 13:10:00,8.36,8.37,8.33,8.33,16022,13377927.0
2026-04-16 13:15:00,8.34,8.35,8.33,8.35,13426,11191523.0
2026-04-16 13:20:00,8.35,8.39,8.34,8.38,32715,27382772.0
2026-04-16 13:25:00,8.38,8.39,8.36,8.37,15713,13162345.0
2026-04-16 13:30:00,8.37,8.38,8.35,8.36,7979,6670398.0
2026-04-16 13:35:00,8.36,8.38,8.36,8.36,10253,8579607.0
2026-04-16 13:40:00,8.37,8.38,8.36,8.37,8292,6940474.0
2026-04-16 13:45:00,8.37,8.37,8.36,8.36,5627,4705542.0
2026-04-16 13:50:00,8.36,8.38,8.36,8.37,17221,14412860.0
2026-04-16 13:55:00,8.37,8.38,8.37,8.37,3899,3265635.0
2026-04-16 14:00:00,8.37,8.38,8.37,8.38,4087,3422476.0
2026-04-16 14:05:00,8.38,8.38,8.36,8.36,10344,8657840.0
2026-04-16 14:10:00,8.36,8.37,8.35,8.36,12466,10417738.0
2026-04-16 14:15:00,8.36,8.39,8.35,8.39,17957,15040905.0
2026-04-16 14:20:00,8.39,8.39,8.37,8.39,12866,10783559.0
2026-04-16 14:25:00,8.39,8.39,8.38,8.38,7313,6133709.0
2026-04-16 14:30:00,8.38,8.39,8.37,8.37,10098,8457247.0
2026-04-16 14:35:00,8.38,8.39,8.37,8.39,19405,16265192.0
2026-04-16 14:40:00,8.38,8.4,8.38,8.39,25511,21409671.0
2026-04-16 14:45:00,8.4,8.41,8.39,8.41,17574,14759618.0
2026-04-16 14:50:00,8.4,8.42,8.4,8.41,16609,13963773.0
2026-04-16 14:55:00,8.41,8.41,8.38,8.39,24377,20474903.0
2026-04-16 15:00:00,8.39,8.4,8.38,8.39,13989,11738609.0
2026-04-17 09:35:00,8.4,8.83,8.36,8.8,226980,196199916.0
2026-04-17 09:40:00,8.8,8.85,8.75,8.83,141319,124349720.0
2026-04-17 09:45:00,8.84,8.89,8.76,8.87,181808,160682827.0
2026-04-17 09:50:00,8.87,8.91,8.83,8.86,95158,84435901.0
2026-04-17 09:55:00,8.85,8.87,8.71,8.74,79337,69694415.0
2026-04-17 10:00:00,8.75,8.75,8.69,8.72,47526,41412637.0
2026-04-17 10:05:00,8.72,8.73,8.68,8.69,59627,51938665.0
2026-04-17 10:10:00,8.69,8.73,8.69,8.7,33639,29291968.0
2026-04-17 10:15:00,8.69,8.75,8.68,8.73,30383,26489147.0
2026-04-17 10:20:00,8.73,8.87,8.72,8.85,70061,61794424.0
2026-04-17 10:25:00,8.85,8.85,8.77,8.77,42858,37773025.0
2026-04-17 10:30:00,8.77,8.78,8.72,8.74,54434,47506864.0
2026-04-17 10:35:00,8.74,8.76,8.72,8.76,20931,18287920.0
2026-04-17 10:40:00,8.76,8.76,8.73,8.75,10917,9548728.0
2026-04-17 10:45:00,8.75,8.78,8.74,8.78,10421,9125000.0
2026-04-17 10:50:00,8.77,8.8,8.76,8.79,11700,10272896.0
2026-04-17 10:55:00,8.79,8.79,8.75,8.78,10758,9435867.0
2026-04-17 11:00:00,8.77,8.83,8.77,8.78,24960,21991294.0
2026-04-17 11:05:00,8.79,8.8,8.76,8.78,13556,11901941.0
2026-04-17 11:10:00,8.78,8.81,8.77,8.8,15607,13731721.0
2026-04-17 11:15:00,8.8,8.83,8.8,8.8,14978,13202965.0
2026-04-17 11:20:00,8.8,8.82,8.78,8.78,8044,7079505.0
2026-04-17 11:25:00,8.79,8.8,8.78,8.79,16964,14906655.0
2026-04-17 11:30:00,8.78,8.79,8.76,8.77,6745,5915556.0
2026-04-17 13:05:00,8.77,8.79,8.72,8.72,19065,16699691.0
2026-04-17 13:10:00,8.72,8.73,8.7,8.73,15391,13415002.0
2026-04-17 13:15:00,8.72,8.74,8.72,8.74,6502,5677148.0
2026-04-17 13:20:00,8.73,8.74,8.72,8.73,6873,5997796.0
2026-04-17 13:25:00,8.73,8.76,8.73,8.75,11145,9742944.0
2026-04-17 13:30:00,8.74,8.75,8.73,8.73,8957,7828553.0
2026-04-17 13:35:00,8.74,8.74,8.71,8.74,16058,14015443.0
2026-04-17 13:40:00,8.74,8.77,8.73,8.76,9799,8577163.0
2026-04-17 13:45:00,8.76,8.76,8.72,8.72,5759,5033164.0
2026-04-17 13:50:00,8.72,8.76,8.72,8.76,11067,9681955.0
2026-04-17 13:55:00,8.76,8.77,8.75,8.77,9404,8243108.0
2026-04-17 14:00:00,8.77,8.78,8.75,8.75,8665,7594984.0
2026-04-17 14:05:00,8.76,8.76,8.74,8.75,9612,8411161.0
2026-04-17 14:10:00,8.75,8.75,8.72,8.72,13373,11684902.0
2026-04-17 14:15:00,8.72,8.75,8.71,8.74,15151,13232359.0
2026-04-17 14:20:00,8.73,8.8,8.73,8.8,47287,41454464.0
2026-04-17 14:25:00,8.79,8.97,8.79,8.94,189157,168209533.0
2026-04-17 14:30:00,8.93,9.03,8.91,8.91,146439,131401210.0
2026-04-17 14:35:00,8.92,8.94,8.89,8.9,41820,37260654.0
2026-04-17 14:40:00,8.9,8.9,8.87,8.88,26912,23917497.0
2026-04-17 14:45:00,8.88,8.89,8.84,8.86,37850,33569287.0
2026-04-17 14:50:00,8.86,8.88,8.84,8.87,50218,44494427.0
2026-04-17 14:55:00,8.87,8.88,8.85,8.85,41386,36675255.0
2026-04-17 15:00:00,8.86,8.86,8.84,8.85,33780,29898347.0
2026-04-20 09:35:00,8.86,9.11,8.86,8.95,213994,192312858.0
2026-04-20 09:40:00,8.95,9.06,8.95,9.04,134440,121328645.0
2026-04-20 09:45:00,9.04,9.08,8.98,9.07,102002,92096685.0
2026-04-20 09:50:00,9.08,9.16,9.07,9.12,135230,123342029.0
2026-04-20 09:55:00,9.12,9.2,9.09,9.2,91373,83654199.0
2026-04-20 10:00:00,9.2,9.21,9.16,9.18,87965,80804169.0
2026-04-20 10:05:00,9.18,9.18,9.12,9.12,73098,66931801.0
2026-04-20 10:10:00,9.12,9.16,9.1,9.13,58116,53018658.0
2026-04-20 10:15:00,9.13,9.16,9.11,9.16,42684,39016039.0
2026-04-20 10:20:00,9.17,9.19,9.15,9.16,34724,31835230.0
2026-04-20 10:25:00,9.16,9.25,9.16,9.24,48338,44434146.0
2026-04-20 10:30:00,9.24,9.43,9.24,9.43,161782,151146715.0
2026-04-20 10:35:00,9.41,9.41,9.32,9.33,61353,57376191.0
2026-04-20 10:40:00,9.33,9.36,9.3,9.34,38157,35586825.0
2026-04-20 10:45:00,9.33,9.34,9.3,9.3,27639,25746126.0
2026-04-20 10:50:00,9.3,9.31,9.27,9.28,25203,23400244.0
2026-04-20 10:55:00,9.28,9.29,9.25,9.27,25581,23701482.0
2026-04-20 11:00:00,9.28,9.29,9.26,9.26,18830,17453590.0
2026-04-20 11:05:00,9.26,9.28,9.23,9.24,21618,20011766.0
2026-04-20 11:10:00,9.24,9.25,9.23,9.24,13921,12859260.0
2026-04-20 11:15:00,9.23,9.23,9.19,9.2,23844,21959864.0
2026-04-20 11:20:00,9.21,9.21,9.19,9.19,28129,25885242.0
2026-04-20 11:25:00,9.21,9.23,9.19,9.22,12216,11258468.0
2026-04-20 11:30:00,9.22,9.23,9.2,9.22,11653,10738629.0
2026-04-20 13:05:00,9.22,9.25,9.18,9.25,33403,30759769.0
2026-04-20 13:10:00,9.24,9.26,9.21,9.22,26182,24194507.0
2026-04-20 13:15:00,9.21,9.22,9.2,9.22,15956,14692829.0
2026-04-20 13:20:00,9.21,9.24,9.21,9.21,18543,17115368.0
2026-04-20 13:25:00,9.21,9.22,9.18,9.19,16259,14948660.0
2026-04-20 13:30:00,9.19,9.19,9.17,9.17,15935,14625872.0
2026-04-20 13:35:00,9.17,9.2,9.17,9.19,12235,11239767.0
2026-04-20 13:40:00,9.18,9.21,9.18,9.18,13870,12747478.0
2026-04-20 13:45:00,9.18,9.18,9.14,9.15,26633,24398967.0
2026-04-20 13:50:00,9.15,9.17,9.14,9.16,29482,26978223.0
2026-04-20 13:55:00,9.16,9.17,9.15,9.15,11855,10853352.0
2026-04-20 14:00:00,9.15,9.16,9.14,9.15,10507,9611362.0
2026-04-20 14:05:00,9.15,9.17,9.14,9.14,17646,16149417.0
2026-04-20 14:10:00,9.14,9.15,9.12,9.13,23637,21590732.0
2026-04-20 14:15:00,9.13,9.16,9.13,9.16,15654,14318771.0
2026-04-20 14:20:00,9.15,9.17,9.15,9.16,21347,19553853.0
2026-04-20 14:25:00,9.17,9.17,9.15,9.17,13813,12655178.0
2026-04-20 14:30:00,9.17,9.17,9.15,9.15,15218,13937583.0
2026-04-20 14:35:00,9.15,9.17,9.15,9.17,16605,15206017.0
2026-04-20 14:40:00,9.16,9.17,9.15,9.16,18023,16506601.0
2026-04-20 14:45:00,9.17,9.19,9.16,9.19,31500,28921676.0
2026-04-20 14:50:00,9.2,9.2,9.18,9.19,32060,29456205.0
2026-04-20 14:55:00,9.19,9.2,9.18,9.19,43117,39629982.0
2026-04-20 15:00:00,9.19,9.2,9.18,9.18,47600,43729026.0
2026-04-21 09:35:00,9.19,9.21,8.91,8.93,172003,155179093.0
2026-04-21 09:40:00,8.94,8.97,8.9,8.92,98617,88138391.0
2026-04-21 09:45:00,8.92,8.98,8.9,8.98,79038,70597601.0
2026-04-21 09:50:00,8.97,9.01,8.95,9.01,51365,46112891.0
2026-04-21 09:55:00,9.02,9.03,8.96,8.98,42314,38096689.0
2026-04-21 10:00:00,8.99,9.04,8.98,9.04,25085,22600107.0
2026-04-21 10:05:00,9.04,9.07,9.02,9.06,27708,25075807.0
2026-04-21 10:10:00,9.07,9.09,9.04,9.04,29245,26516635.0
2026-04-21 10:15:00,9.04,9.05,9.02,9.02,21678,19568384.0
2026-04-21 10:20:00,9.03,9.07,9.02,9.06,13861,12540118.0
2026-04-21 10:25:00,9.06,9.06,9.0,9.0,20572,18549366.0
2026-04-21 10:30:00,9.0,9.04,9.0,9.03,12254,11056860.0
2026-04-21 10:35:00,9.04,9.05,9.02,9.02,10077,9103254.0
2026-04-21 10:40:00,9.02,9.04,9.01,9.01,10346,9334428.0
2026-04-21 10:45:00,9.01,9.03,9.01,9.02,9460,8534109.0
2026-04-21 10:50:00,9.02,9.03,8.99,9.0,19328,17407274.0
2026-04-21 10:55:00,9.0,9.01,8.97,9.0,22742,20438592.0
2026-04-21 11:00:00,8.99,9.0,8.98,8.99,13502,12137878.0
2026-04-21 11:05:00,8.99,9.02,8.99,9.01,10586,9530130.0
2026-04-21 11:10:00,9.02,9.02,8.99,9.0,12396,11160188.0
2026-04-21 11:15:00,8.99,9.0,8.98,8.99,10094,9072521.0
2026-04-21 11:20:00,8.99,9.0,8.97,8.98,12072,10843796.0
2026-04-21 11:25:00,8.97,8.98,8.94,8.94,20499,18357734.0
2026-04-21 11:30:00,8.94,8.95,8.93,8.94,13601,12150027.0
2026-04-21 13:05:00,8.94,8.96,8.93,8.96,13040,11660661.0
2026-04-21 13:10:00,8.95,8.99,8.95,8.99,12392,11117977.0
2026-04-21 13:15:00,8.99,9.0,8.97,8.98,15395,13828556.0
2026-04-21 13:20:00,8.98,9.0,8.98,8.99,11343,10202371.0
2026-04-21 13:25:00,8.99,9.01,8.99,9.0,12803,11521065.0
2026-04-21 13:30:00,8.99,9.01,8.99,9.0,8698,7823397.0
2026-04-21 13:35:00,8.99,9.0,8.98,8.98,8635,7760847.0
2026-04-21 13:40:00,8.99,9.0,8.97,8.99,16150,14505392.0
2026-04-21 13:45:00,8.99,9.03,8.99,9.03,19494,17577777.0
2026-04-21 13:50:00,9.03,9.03,8.99,8.99,11932,10756844.0
2026-04-21 13:55:00,9.0,9.01,9.0,9.0,7358,6624029.0
2026-04-21 14:00:00,9.0,9.01,8.99,8.99,8694,7824924.0
2026-04-21 14:05:00,9.0,9.0,8.97,8.97,15688,14098782.0
2026-04-21 14:10:00,8.97,8.98,8.97,8.98,14063,12622489.0
2026-04-21 14:15:00,8.97,8.98,8.97,8.98,10794,9689498.0
2026-04-21 14:20:00,8.98,8.98,8.96,8.97,10778,9662509.0
2026-04-21 14:25:00,8.97,8.99,8.96,8.98,7627,6847466.0
2026-04-21 14:30:00,8.98,8.99,8.98,8.99,10247,9206801.0
2026-04-21 14:35:00,8.99,9.01,8.99,9.0,21275,19140293.0
2026-04-21 14:40:00,8.99,9.0,8.99,8.99,9546,8587908.0
2026-04-21 14:45:00,8.99,9.01,8.99,9.0,18608,16744880.0
2026-04-21 14:50:00,8.99,9.0,8.98,8.99,25811,23203523.0
2026-04-21 14:55:00,8.99,9.0,8.98,8.99,27582,24784004.0
2026-04-21 15:00:00,8.99,8.99,8.98,8.99,20723,18626891.0
2026-04-22 09:35:00,8.99,9.25,8.9,9.24,160870,146742854.0
2026-04-22 09:40:00,9.25,9.27,9.14,9.15,111886,103146961.0
2026-04-22 09:45:00,9.16,9.31,9.15,9.3,129820,119942261.0
2026-04-22 09:50:00,9.3,9.45,9.28,9.43,145605,136438055.0
2026-04-22 09:55:00,9.42,9.54,9.4,9.45,209127,197937218.0
2026-04-22 10:00:00,9.44,9.58,9.44,9.47,142619,135806964.0
2026-04-22 10:05:00,9.46,9.46,9.4,9.43,90589,85415062.0
2026-04-22 10:10:00,9.42,9.42,9.39,9.41,50325,47346854.0
2026-04-22 10:15:00,9.42,9.45,9.4,9.45,38912,36692720.0
2026-04-22 10:20:00,9.45,9.53,9.44,9.52,59508,56443418.0
2026-04-22 10:25:00,9.53,9.55,9.46,9.47,45830,43648628.0
2026-04-22 10:30:00,9.47,9.49,9.46,9.47,22983,21766688.0
2026-04-22 10:35:00,9.47,9.49,9.46,9.46,17370,16456194.0
2026-04-22 10:40:00,9.46,9.48,9.43,9.43,20633,19523643.0
2026-04-22 10:45:00,9.44,9.47,9.43,9.46,14760,13959916.0
2026-04-22 10:50:00,9.46,9.53,9.46,9.52,41660,39572685.0
2026-04-22 10:55:00,9.52,9.52,9.45,9.49,27802,26354713.0
2026-04-22 11:00:00,9.5,9.57,9.5,9.56,63458,60510988.0
2026-04-22 11:05:00,9.56,9.59,9.52,9.58,53464,51140738.0
2026-04-22 11:10:00,9.58,9.6,9.49,9.5,45313,43326488.0
2026-04-22 11:15:00,9.49,9.5,9.45,9.5,22319,21150840.0
2026-04-22 11:20:00,9.49,9.52,9.49,9.49,15059,14307814.0
2026-04-22 11:25:00,9.49,9.56,9.45,9.56,30233,28716053.0
2026-04-22 11:30:00,9.56,9.6,9.53,9.59,47708,45663973.0
2026-04-22 13:05:00,9.58,9.64,9.53,9.53,71866,68969752.0
2026-04-22 13:10:00,9.53,9.53,9.5,9.51,21950,20895607.0
2026-04-22 13:15:00,9.51,9.6,9.51,9.57,23859,22803702.0
2026-04-22 13:20:00,9.57,9.58,9.54,9.57,22765,21766509.0
2026-04-22 13:25:00,9.57,9.58,9.55,9.57,23300,22305345.0
2026-04-22 13:30:00,9.57,9.59,9.56,9.57,17879,17118540.0
2026-04-22 13:35:00,9.58,9.61,9.58,9.59,26081,25019253.0
2026-04-22 13:40:00,9.59,9.59,9.55,9.56,16780,16053518.0
2026-04-22 13:45:00,9.55,9.56,9.53,9.53,13702,13082530.0
2026-04-22 13:50:00,9.53,9.53,9.51,9.51,23001,21899830.0
2026-04-22 13:55:00,9.51,9.54,9.5,9.51,26311,25037183.0
2026-04-22 14:00:00,9.51,9.54,9.51,9.53,19965,19014730.0
2026-04-22 14:05:00,9.53,9.53,9.51,9.52,15699,14952201.0
2026-04-22 14:10:00,9.51,9.54,9.5,9.5,20176,19206185.0
2026-04-22 14:15:00,9.51,9.52,9.5,9.51,17989,17106056.0
2026-04-22 14:20:00,9.51,9.52,9.5,9.51,17085,16249002.0
2026-04-22 14:25:00,9.51,9.52,9.5,9.51,18162,17264249.0
2026-04-22 14:30:00,9.51,9.51,9.49,9.49,26536,25195186.0
2026-04-22 14:35:00,9.49,9.5,9.48,9.5,26680,25325193.0
2026-04-22 14:40:00,9.5,9.51,9.49,9.51,22775,21629137.0
2026-04-22 14:45:00,9.5,9.51,9.5,9.51,19657,18679562.0
2026-04-22 14:50:00,9.5,9.51,9.49,9.51,39688,37713175.0
2026-04-22 14:55:00,9.51,9.52,9.5,9.52,49133,46752507.0
2026-04-22 15:00:00,9.51,9.53,9.51,9.52,35248,33560168.0
2026-04-23 09:35:00,9.5,9.5,9.41,9.42,168170,159046364.0
2026-04-23 09:40:00,9.42,9.55,9.35,9.54,147969,139512740.0
2026-04-23 09:45:00,9.53,9.53,9.38,9.39,90772,85747404.0
2026-04-23 09:50:00,9.41,9.43,9.36,9.38,76840,72057127.0
2026-04-23 09:55:00,9.37,9.38,9.24,9.26,115445,107329694.0
2026-04-23 10:00:00,9.26,9.27,9.24,9.26,57379,53102124.0
2026-04-23 10:05:00,9.27,9.28,9.2,9.23,77154,71287220.0
2026-04-23 10:10:00,9.23,9.25,9.2,9.24,49988,46086719.0
2026-04-23 10:15:00,9.23,9.24,9.18,9.21,59245,54521892.0
2026-04-23 10:20:00,9.22,9.25,9.21,9.23,34188,31560645.0
2026-04-23 10:25:00,9.23,9.26,9.21,9.25,28151,25999729.0
2026-04-23 10:30:00,9.25,9.28,9.23,9.27,26407,24447451.0
2026-04-23 10:35:00,9.27,9.28,9.23,9.24,19049,17612367.0
2026-04-23 10:40:00,9.23,9.24,9.2,9.2,21520,19840313.0
2026-04-23 10:45:00,9.2,9.21,9.16,9.17,46960,43126225.0
2026-04-23 10:50:00,9.17,9.19,9.14,9.18,37982,34786219.0
2026-04-23 10:55:00,9.18,9.2,9.16,9.17,16417,15061161.0
2026-04-23 11:00:00,9.17,9.18,9.16,9.16,16106,14770135.0
2026-04-23 11:05:00,9.16,9.18,9.15,9.16,20077,18398232.0
2026-04-23 11:10:00,9.15,9.16,9.11,9.12,32447,29629093.0
2026-04-23 11:15:00,9.11,9.11,9.08,9.1,33629,30600312.0
2026-04-23 11:20:00,9.1,9.1,9.06,9.07,25008,22717859.0
2026-04-23 11:25:00,9.07,9.08,9.04,9.05,28044,25405861.0
2026-04-23 11:30:00,9.05,9.06,9.03,9.04,26509,23980544.0
2026-04-23 13:05:00,9.05,9.07,9.02,9.07,31432,28415647.0
2026-04-23 13:10:00,9.07,9.07,9.01,9.04,25381,22923354.0
2026-04-23 13:15:00,9.04,9.06,9.03,9.06,16684,15095952.0
2026-04-23 13:20:00,9.05,9.09,9.05,9.09,19369,17570012.0
2026-04-23 13:25:00,9.09,9.09,9.03,9.03,24691,22369317.0
2026-04-23 13:30:00,9.03,9.05,9.02,9.05,15494,13996989.0
2026-04-23 13:35:00,9.05,9.09,9.04,9.08,19681,17827574.0
2026-04-23 13:40:00,9.08,9.09,9.06,9.06,18040,16380314.0
2026-04-23 13:45:00,9.07,9.09,9.05,9.08,11786,10689159.0
2026-04-23 13:50:00,9.09,9.15,9.08,9.14,20707,18859157.0
2026-04-23 13:55:00,9.13,9.13,9.09,9.11,22738,20728858.0
2026-04-23 14:00:00,9.11,9.17,9.11,9.16,18011,16477645.0
2026-04-23 14:05:00,9.15,9.17,9.13,9.14,11992,10974143.0
2026-04-23 14:10:00,9.15,9.16,9.12,9.16,19658,17973980.0
2026-04-23 14:15:00,9.16,9.17,9.13,9.13,15561,14249313.0
2026-04-23 14:20:00,9.13,9.15,9.13,9.14,8941,8172763.0
2026-04-23 14:25:00,9.15,9.15,9.1,9.14,27129,24744162.0
2026-04-23 14:30:00,9.14,9.15,9.11,9.12,9122,8327491.0
2026-04-23 14:35:00,9.11,9.12,9.09,9.1,34593,31480939.0
2026-04-23 14:40:00,9.09,9.12,9.08,9.11,23556,21436475.0
2026-04-23 14:45:00,9.11,9.14,9.1,9.13,22994,20972715.0
2026-04-23 14:50:00,9.14,9.14,9.11,9.12,24290,22166497.0
2026-04-23 14:55:00,9.12,9.13,9.11,9.12,39077,35630298.0
2026-04-23 15:00:00,9.13,9.14,9.11,9.11,25987,23692437.0
2026-04-24 09:35:00,9.02,9.08,8.96,8.97,97135,87580421.0
2026-04-24 09:40:00,8.96,9.02,8.93,8.95,95212,85379794.0
2026-04-24 09:45:00,8.97,8.98,8.9,8.91,78711,70342941.0
2026-04-24 09:50:00,8.9,8.95,8.88,8.95,95560,85130242.0
2026-04-24 09:55:00,8.96,9.05,8.93,9.01,56939,51146870.0
2026-04-24 10:00:00,9.0,9.1,9.0,9.07,48418,43821859.0
2026-04-24 10:05:00,9.06,9.06,8.98,9.03,37998,34217785.0
2026-04-24 10:10:00,9.03,9.05,8.99,9.03,40358,36364240.0
2026-04-24 10:15:00,9.02,9.06,9.0,9.04,18930,17101970.0
2026-04-24 10:20:00,9.05,9.09,9.04,9.04,23923,21690200.0
2026-04-24 10:25:00,9.05,9.07,9.04,9.05,13759,12468045.0
2026-04-24 10:30:00,9.05,9.07,9.04,9.04,17504,15851110.0
2026-04-24 10:35:00,9.05,9.1,9.04,9.1,17578,15961755.0
2026-04-24 10:40:00,9.09,9.16,9.09,9.11,48661,44365495.0
2026-04-24 10:45:00,9.11,9.11,9.07,9.08,22687,20612277.0
2026-04-24 10:50:00,9.07,9.08,9.01,9.02,23812,21552468.0
2026-04-24 10:55:00,9.02,9.03,8.99,9.01,18256,16437121.0
2026-04-24 11:00:00,9.01,9.01,8.98,8.98,11583,10417672.0
2026-04-24 11:05:00,8.98,9.0,8.93,8.93,24901,22318002.0
2026-04-24 11:10:00,8.94,8.95,8.93,8.95,12488,11165267.0
2026-04-24 11:15:00,8.95,8.95,8.93,8.94,9964,8905318.0
2026-04-24 11:20:00,8.94,8.95,8.93,8.94,12371,11054516.0
2026-04-24 11:25:00,8.94,8.97,8.93,8.93,14817,13263808.0
2026-04-24 11:30:00,8.94,8.94,8.92,8.94,9761,8716262.0
2026-04-24 13:05:00,8.94,8.97,8.94,8.95,11544,10336637.0
2026-04-24 13:10:00,8.95,8.96,8.92,8.93,11953,10683499.0
2026-04-24 13:15:00,8.93,8.93,8.88,8.89,35707,31790250.0
2026-04-24 13:20:00,8.89,8.91,8.89,8.91,17684,15739673.0
2026-04-24 13:25:00,8.91,8.97,8.9,8.96,11026,9840046.0
2026-04-24 13:30:00,8.96,9.03,8.95,9.02,26417,23740066.0
2026-04-24 13:35:00,9.02,9.04,9.0,9.04,16890,15244785.0
2026-04-24 13:40:00,9.04,9.07,9.03,9.07,22746,20596636.0
2026-04-24 13:45:00,9.08,9.14,9.08,9.11,37353,34033529.0
2026-04-24 13:50:00,9.11,9.13,9.08,9.08,26256,23901810.0
2026-04-24 13:55:00,9.08,9.12,9.07,9.11,12206,11114459.0
2026-04-24 14:00:00,9.12,9.15,9.12,9.13,23406,21377841.0
2026-04-24 14:05:00,9.13,9.16,9.12,9.16,26559,24287950.0
2026-04-24 14:10:00,9.16,9.23,9.16,9.22,44153,40585158.0
2026-04-24 14:15:00,9.22,9.22,9.17,9.18,24895,22898681.0
2026-04-24 14:20:00,9.19,9.22,9.18,9.19,29960,27563375.0
2026-04-24 14:25:00,9.2,9.22,9.18,9.21,20099,18490062.0
2026-04-24 14:30:00,9.2,9.21,9.17,9.17,15956,14663718.0
2026-04-24 14:35:00,9.17,9.22,9.17,9.22,32110,29530724.0
2026-04-24 14:40:00,9.21,9.23,9.19,9.19,17696,16305247.0
2026-04-24 14:45:00,9.2,9.2,9.17,9.17,15637,14355286.0
2026-04-24 14:50:00,9.18,9.19,9.15,9.15,21769,19967439.0
2026-04-24 14:55:00,9.16,9.16,9.14,9.14,18616,17028280.0
2026-04-24 15:00:00,9.14,9.15,9.13,9.14,19584,17901410.0
2026-04-27 09:35:00,9.14,9.2,9.05,9.11,95771,87411139.0
2026-04-27 09:40:00,9.12,9.19,9.09,9.09,57519,52632819.0
2026-04-27 09:45:00,9.09,9.12,9.04,9.06,50177,45549741.0
2026-04-27 09:50:00,9.07,9.12,9.06,9.08,25137,22826333.0
2026-04-27 09:55:00,9.07,9.09,9.04,9.09,26082,23626864.0
2026-04-27 10:00:00,9.09,9.09,9.04,9.06,27017,24474025.0
2026-04-27 10:05:00,9.05,9.1,9.04,9.05,27983,25368399.0
2026-04-27 10:10:00,9.05,9.06,9.03,9.06,25480,23037604.0
2026-04-27 10:15:00,9.06,9.06,9.02,9.06,20157,18228583.0
2026-04-27 10:20:00,9.06,9.09,9.06,9.08,17786,16147815.0
2026-04-27 10:25:00,9.09,9.12,9.08,9.11,22618,20584304.0
2026-04-27 10:30:00,9.11,9.12,9.08,9.08,15132,13776021.0
2026-04-27 10:35:00,9.08,9.1,9.08,9.08,8178,7432045.0
2026-04-27 10:40:00,9.08,9.13,9.08,9.13,20858,18996798.0
2026-04-27 10:45:00,9.12,9.13,9.08,9.1,17201,15663305.0
2026-04-27 10:50:00,9.1,9.1,9.06,9.09,11247,10205169.0
2026-04-27 10:55:00,9.09,9.13,9.08,9.12,9903,9016983.0
2026-04-27 11:00:00,9.12,9.13,9.1,9.12,7953,7249983.0
2026-04-27 11:05:00,9.11,9.13,9.09,9.11,14291,13015867.0
2026-04-27 11:10:00,9.1,9.13,9.1,9.11,10383,9468882.0
2026-04-27 11:15:00,9.12,9.12,9.11,9.11,3291,2998850.0
2026-04-27 11:20:00,9.12,9.12,9.08,9.09,8292,7542548.0
2026-04-27 11:25:00,9.09,9.1,9.08,9.08,3267,2968866.0
2026-04-27 11:30:00,9.09,9.09,9.06,9.08,7916,7183949.0
2026-04-27 13:05:00,9.07,9.08,9.05,9.06,13006,11787853.0
2026-04-27 13:10:00,9.06,9.07,9.04,9.05,22742,20573505.0
2026-04-27 13:15:00,9.05,9.06,9.04,9.04,9041,8184149.0
2026-04-27 13:20:00,9.04,9.06,9.03,9.04,15695,14190084.0
2026-04-27 13:25:00,9.05,9.06,9.04,9.05,5726,5182585.0
2026-04-27 13:30:00,9.05,9.07,9.04,9.07,6832,6184357.0
2026-04-27 13:35:00,9.06,9.07,9.04,9.05,12900,11679833.0
2026-04-27 13:40:00,9.05,9.06,9.03,9.03,14934,13497452.0
2026-04-27 13:45:00,9.03,9.04,9.02,9.03,11650,10519285.0
2026-04-27 13:50:00,9.02,9.04,9.02,9.03,6710,6059955.0
2026-04-27 13:55:00,9.04,9.04,9.03,9.03,6762,6108780.0
2026-04-27 14:00:00,9.03,9.04,9.02,9.02,17527,15820955.0
2026-04-27 14:05:00,9.02,9.03,9.01,9.02,19032,17164825.0
2026-04-27 14:10:00,9.02,9.03,9.01,9.01,10972,9892333.0
2026-04-27 14:15:00,9.02,9.02,9.0,9.02,21189,19094167.0
2026-04-27 14:20:00,9.01,9.02,9.0,9.01,12671,11415929.0
2026-04-27 14:25:00,9.0,9.01,8.98,8.99,33779,30380901.0
2026-04-27 14:30:00,8.99,9.0,8.98,8.98,18995,17070690.0
2026-04-27 14:35:00,8.99,8.99,8.97,8.99,25015,22467183.0
2026-04-27 14:40:00,8.98,9.0,8.98,8.99,18984,17059869.0
2026-04-27 14:45:00,8.98,9.0,8.98,8.99,22409,20139436.0
2026-04-27 14:50:00,8.99,9.0,8.98,8.99,24626,22127410.0
2026-04-27 14:55:00,8.99,9.0,8.97,8.99,28905,25972343.0
2026-04-27 15:00:00,8.98,9.0,8.98,8.99,15885,14279493.0
2026-04-28 09:35:00,8.88,8.92,8.73,8.75,110849,97706522.0
2026-04-28 09:40:00,8.75,8.81,8.74,8.8,58959,51731173.0
2026-04-28 09:45:00,8.79,8.84,8.78,8.84,40598,35767972.0
2026-04-28 09:50:00,8.85,8.87,8.81,8.82,26701,23617734.0
2026-04-28 09:55:00,8.81,8.83,8.7,8.76,64688,56647592.0
2026-04-28 10:00:00,8.76,8.76,8.68,8.68,50118,43679764.0
2026-04-28 10:05:00,8.68,8.68,8.64,8.66,57228,49576265.0
2026-04-28 10:10:00,8.67,8.7,8.64,8.69,35971,31171375.0
2026-04-28 10:15:00,8.7,8.74,8.69,8.74,25853,22503221.0
2026-04-28 10:20:00,8.74,8.76,8.72,8.72,16871,14744221.0
2026-04-28 10:25:00,8.72,8.74,8.71,8.73,19475,16989126.0
2026-04-28 10:30:00,8.73,8.75,8.73,8.75,13972,12212435.0
2026-04-28 10:35:00,8.74,8.75,8.71,8.72,15486,13506429.0
2026-04-28 10:40:00,8.72,8.73,8.71,8.72,11548,10066145.0
2026-04-28 10:45:00,8.72,8.73,8.71,8.73,10946,9542271.0
2026-04-28 10:50:00,8.72,8.74,8.72,8.73,18328,15998116.0
2026-04-28 10:55:00,8.74,8.75,8.72,8.74,14293,12482299.0
2026-04-28 11:00:00,8.74,8.75,8.71,8.72,8800,7678973.0
2026-04-28 11:05:00,8.73,8.75,8.72,8.72,8208,7167306.0
2026-04-28 11:10:00,8.72,8.73,8.7,8.71,10351,9019485.0
2026-04-28 11:15:00,8.71,8.72,8.7,8.71,12519,10901219.0
2026-04-28 11:20:00,8.71,8.75,8.7,8.74,13762,12003785.0
2026-04-28 11:25:00,8.75,8.77,8.75,8.77,18630,16319532.0
2026-04-28 11:30:00,8.77,8.77,8.75,8.76,6166,5401401.0
2026-04-28 13:05:00,8.77,8.77,8.73,8.73,14056,12302543.0
2026-04-28 13:10:00,8.73,8.74,8.7,8.71,10280,8958932.0
2026-04-28 13:15:00,8.71,8.71,8.7,8.7,6934,6035227.0
2026-04-28 13:20:00,8.7,8.75,8.7,8.74,11837,10331596.0
2026-04-28 13:25:00,8.73,8.76,8.73,8.75,7989,6985071.0
2026-04-28 13:30:00,8.75,8.79,8.75,8.78,14856,13039724.0
2026-04-28 13:35:00,8.78,8.78,8.74,8.74,14005,12269461.0
2026-04-28 13:40:00,8.75,8.75,8.7,8.71,19538,17038406.0
2026-04-28 13:45:00,8.72,8.72,8.7,8.7,13820,12033982.0
2026-04-28 13:50:00,8.71,8.71,8.7,8.71,15247,13267328.0
2026-04-28 13:55:00,8.71,8.72,8.68,8.71,16313,14180170.0
2026-04-28 14:00:00,8.71,8.73,8.7,8.71,10882,9477045.0
2026-04-28 14:05:00,8.72,8.72,8.7,8.7,6750,5876677.0
2026-04-28 14:10:00,8.7,8.72,8.69,8.71,9932,8644544.0
2026-04-28 14:15:00,8.71,8.73,8.71,8.72,10637,9276428.0
2026-04-28 14:20:00,8.73,8.73,8.71,8.71,12765,11133932.0
2026-04-28 14:25:00,8.71,8.71,8.69,8.69,8440,7342755.0
2026-04-28 14:30:00,8.7,8.7,8.68,8.68,16378,14226369.0
2026-04-28 14:35:00,8.69,8.69,8.67,8.68,13530,11745158.0
2026-04-28 14:40:00,8.67,8.7,8.67,8.69,19252,16716290.0
2026-04-28 14:45:00,8.7,8.7,8.68,8.68,18104,15728910.0
2026-04-28 14:50:00,8.69,8.72,8.69,8.7,25189,21926876.0
2026-04-28 14:55:00,8.7,8.72,8.7,8.72,16888,14708782.0
2026-04-28 15:00:00,8.71,8.76,8.7,8.73,23360,20381860.0
2026-04-29 09:35:00,8.73,8.9,8.72,8.86,86765,76509694.0
2026-04-29 09:40:00,8.87,8.9,8.86,8.87,53072,47112064.0
2026-04-29 09:45:00,8.88,8.88,8.83,8.83,27730,24552570.0
2026-04-29 09:50:00,8.84,8.88,8.81,8.87,28774,25449543.0
2026-04-29 09:55:00,8.87,8.91,8.87,8.9,36157,32151001.0
2026-04-29 10:00:00,8.91,8.93,8.9,8.91,20711,18472366.0
2026-04-29 10:05:00,8.91,8.93,8.88,8.88,25971,23131760.0
2026-04-29 10:10:00,8.89,8.98,8.88,8.97,41218,36843724.0
2026-04-29 10:15:00,8.98,9.0,8.96,8.97,44555,40000951.0
2026-04-29 10:20:00,8.97,8.99,8.96,8.96,40952,36754487.0
2026-04-29 10:25:00,8.96,8.98,8.92,8.92,44396,39727200.0
2026-04-29 10:30:00,8.93,8.93,8.87,8.9,39334,34981221.0
2026-04-29 10:35:00,8.91,8.91,8.84,8.84,68282,60499444.0
2026-04-29 10:40:00,8.86,8.88,8.84,8.85,50824,45012813.0
2026-04-29 10:45:00,8.86,8.88,8.83,8.88,37368,33057318.0
2026-04-29 10:50:00,8.87,8.95,8.87,8.95,26318,23430029.0
2026-04-29 10:55:00,8.94,8.95,8.93,8.93,15767,14099538.0
2026-04-29 11:00:00,8.93,8.94,8.92,8.93,7156,6388681.0
2026-04-29 11:05:00,8.93,8.97,8.93,8.97,16762,15010283.0
2026-04-29 11:10:00,8.97,8.99,8.96,8.99,29966,26913860.0
2026-04-29 11:15:00,8.99,8.99,8.97,8.98,10497,9429457.0
2026-04-29 11:20:00,8.99,9.03,8.98,9.0,44790,40332866.0
2026-04-29 11:25:00,8.99,9.0,8.96,8.97,16760,15047841.0
2026-04-29 11:30:00,8.97,8.98,8.96,8.97,9749,8742070.0
2026-04-29 13:05:00,8.98,9.02,8.96,9.01,22883,20581143.0
2026-04-29 13:10:00,9.02,9.02,8.99,9.01,13996,12608245.0
2026-04-29 13:15:00,9.0,9.03,9.0,9.03,19913,17970482.0
2026-04-29 13:20:00,9.02,9.04,9.01,9.02,19129,17266726.0
2026-04-29 13:25:00,9.02,9.06,9.0,9.06,28053,25350724.0
2026-04-29 13:30:00,9.06,9.08,9.05,9.05,32103,29110181.0
2026-04-29 13:35:00,9.05,9.05,9.02,9.02,22117,19997777.0
2026-04-29 13:40:00,9.02,9.04,9.02,9.03,14414,13011475.0
2026-04-29 13:45:00,9.02,9.04,9.02,9.03,12445,11235872.0
2026-04-29 13:50:00,9.03,9.04,9.02,9.03,7744,6993529.0
2026-04-29 13:55:00,9.02,9.04,9.02,9.03,7682,6934612.0
2026-04-29 14:00:00,9.03,9.03,9.02,9.03,8362,7547337.0
2026-04-29 14:05:00,9.02,9.06,9.02,9.05,26478,23945309.0
2026-04-29 14:10:00,9.05,9.06,9.04,9.05,9617,8701559.0
2026-04-29 14:15:00,9.05,9.06,9.04,9.05,10539,9532675.0
2026-04-29 14:20:00,9.05,9.06,9.04,9.06,14570,13184611.0
2026-04-29 14:25:00,9.06,9.07,9.05,9.06,12405,11237250.0
2026-04-29 14:30:00,9.07,9.07,9.05,9.05,10996,9961425.0
2026-04-29 14:35:00,9.06,9.06,9.04,9.05,20456,18509202.0
2026-04-29 14:40:00,9.04,9.07,9.04,9.06,25265,22874035.0
2026-04-29 14:45:00,9.06,9.07,9.05,9.07,17492,15854328.0
2026-04-29 14:50:00,9.07,9.08,9.05,9.08,28697,26021430.0
2026-04-29 14:55:00,9.07,9.08,9.06,9.07,23915,21690285.0
2026-04-29 15:00:00,9.07,9.07,9.06,9.07,26233,23788665.0
2026-04-30 09:35:00,8.99,9.1,8.95,8.96,82342,74191145.0
2026-04-30 09:40:00,8.95,8.97,8.88,8.91,99202,88368228.0
2026-04-30 09:45:00,8.9,9.0,8.9,9.0,41152,36847244.0
2026-04-30 09:50:00,9.0,9.02,8.98,9.01,29304,26382987.0
2026-04-30 09:55:00,9.01,9.08,9.01,9.08,31959,28879574.0
2026-04-30 10:00:00,9.08,9.09,9.05,9.06,27671,25101380.0
2026-04-30 10:05:00,9.06,9.07,9.01,9.05,27914,25235825.0
2026-04-30 10:10:00,9.05,9.06,9.01,9.01,16200,14626532.0
2026-04-30 10:15:00,9.0,9.01,8.99,9.0,31674,28496791.0
2026-04-30 10:20:00,9.0,9.02,8.97,8.97,19308,17372572.0
2026-04-30 10:25:00,8.97,8.99,8.95,8.98,16329,14641984.0
2026-04-30 10:30:00,8.99,9.01,8.98,8.99,6792,6109931.0
2026-04-30 10:35:00,9.0,9.0,8.97,9.0,9868,8865389.0
2026-04-30 10:40:00,9.0,9.01,8.98,8.99,11733,10551001.0
2026-04-30 10:45:00,9.0,9.01,8.96,8.97,13144,11813910.0
2026-04-30 10:50:00,8.97,9.02,8.96,9.01,8056,7251180.0
2026-04-30 10:55:00,9.0,9.02,8.99,9.02,6860,6174740.0
2026-04-30 11:00:00,9.01,9.02,8.97,8.98,16170,14527558.0
2026-04-30 11:05:00,8.99,8.99,8.97,8.97,8765,7869128.0
2026-04-30 11:10:00,8.97,8.97,8.95,8.97,10936,9799704.0
2026-04-30 11:15:00,8.97,8.97,8.95,8.95,14772,13231411.0
2026-04-30 11:20:00,8.95,8.96,8.94,8.94,7092,6344895.0
2026-04-30 11:25:00,8.94,8.95,8.91,8.95,27623,24651330.0
2026-04-30 11:30:00,8.95,8.96,8.94,8.95,5653,5059813.0
2026-04-30 13:05:00,8.95,8.95,8.89,8.9,32228,28714196.0
2026-04-30 13:10:00,8.9,8.91,8.87,8.88,30562,27149885.0
2026-04-30 13:15:00,8.88,8.88,8.86,8.88,20402,18102205.0
2026-04-30 13:20:00,8.88,8.89,8.87,8.88,6306,5601372.0
2026-04-30 13:25:00,8.89,8.91,8.88,8.9,8966,7975521.0
2026-04-30 13:30:00,8.9,8.91,8.88,8.88,13761,12246162.0
2026-04-30 13:35:00,8.88,8.9,8.88,8.89,14572,12946491.0
2026-04-30 13:40:00,8.88,8.9,8.88,8.9,13444,11950931.0
2026-04-30 13:45:00,8.9,8.94,8.9,8.94,11973,10683679.0
2026-04-30 13:50:00,8.94,8.94,8.91,8.92,12700,11336284.0
2026-04-30 13:55:00,8.92,8.92,8.9,8.91,17413,15511140.0
2026-04-30 14:00:00,8.92,8.92,8.91,8.91,7840,6990921.0
2026-04-30 14:05:00,8.91,8.92,8.91,8.91,6503,5797301.0
2026-04-30 14:10:00,8.92,8.95,8.92,8.94,16396,14649911.0
2026-04-30 14:15:00,8.93,8.93,8.91,8.91,11497,10253770.0
2026-04-30 14:20:00,8.91,8.92,8.9,8.92,12061,10745396.0
2026-04-30 14:25:00,8.92,8.93,8.91,8.91,15654,13960012.0
2026-04-30 14:30:00,8.92,8.94,8.92,8.94,9231,8243313.0
2026-04-30 14:35:00,8.94,8.98,8.93,8.97,20448,18318921.0
2026-04-30 14:40:00,8.98,8.99,8.97,8.99,19861,17832061.0
2026-04-30 14:45:00,8.99,9.0,8.97,9.0,20506,18420339.0
2026-04-30 14:50:00,9.0,9.0,8.97,8.97,25621,23001576.0
2026-04-30 14:55:00,8.97,8.98,8.96,8.97,22465,20157187.0
2026-04-30 15:00:00,8.97,8.98,8.96,8.98,16584,14882443.0
2026-05-06 09:35:00,9.02,9.14,9.02,9.08,97066,88146412.0
2026-05-06 09:40:00,9.08,9.09,9.06,9.07,51294,46573086.0
2026-05-06 09:45:00,9.07,9.08,9.03,9.07,47883,43355054.0
2026-05-06 09:50:00,9.07,9.07,9.0,9.03,43795,39577270.0
2026-05-06 09:55:00,9.03,9.06,9.03,9.04,31885,28833243.0
2026-05-06 10:00:00,9.02,9.04,9.01,9.02,30801,27788522.0
2026-05-06 10:05:00,9.03,9.04,9.01,9.02,32564,29373076.0
2026-05-06 10:10:00,9.02,9.05,8.98,9.05,54613,49191126.0
2026-05-06 10:15:00,9.05,9.08,9.02,9.08,25523,23097276.0
2026-05-06 10:20:00,9.08,9.11,9.06,9.07,38136,34643181.0
2026-05-06 10:25:00,9.07,9.07,9.02,9.04,29138,26362349.0
2026-05-06 10:30:00,9.04,9.05,9.02,9.02,17107,15457676.0
2026-05-06 10:35:00,9.03,9.06,9.02,9.05,16138,14591577.0
2026-05-06 10:40:00,9.05,9.07,9.04,9.06,14467,13092860.0
2026-05-06 10:45:00,9.07,9.08,9.06,9.07,9745,8837465.0
2026-05-06 10:50:00,9.08,9.12,9.08,9.11,41012,37318866.0
2026-05-06 10:55:00,9.1,9.13,9.07,9.12,35770,32552619.0
2026-05-06 11:00:00,9.12,9.15,9.11,9.15,38622,35272950.0
2026-05-06 11:05:00,9.14,9.17,9.12,9.16,41444,37914643.0
2026-05-06 11:10:00,9.17,9.17,9.13,9.15,21611,19772718.0
2026-05-06 11:15:00,9.14,9.17,9.13,9.16,14511,13276451.0
2026-05-06 11:20:00,9.16,9.17,9.15,9.16,11393,10434938.0
2026-05-06 11:25:00,9.16,9.16,9.14,9.16,12527,11467279.0
2026-05-06 11:30:00,9.16,9.22,9.15,9.22,49732,45665637.0
2026-05-06 13:05:00,9.26,9.28,9.22,9.28,84053,77774511.0
2026-05-06 13:10:00,9.27,9.31,9.26,9.28,49854,46296588.0
2026-05-06 13:15:00,9.28,9.3,9.24,9.25,35943,33340192.0
2026-05-06 13:20:00,9.24,9.26,9.24,9.24,20522,18982954.0
2026-05-06 13:25:00,9.25,9.38,9.24,9.38,71505,66562489.0
2026-05-06 13:30:00,9.38,9.4,9.27,9.29,82352,76807253.0
2026-05-06 13:35:00,9.28,9.29,9.25,9.28,27754,25726064.0
2026-05-06 13:40:00,9.27,9.32,9.27,9.32,17939,16662711.0
2026-05-06 13:45:00,9.31,9.33,9.3,9.33,19041,17742862.0
2026-05-06 13:50:00,9.32,9.35,9.31,9.34,29622,27663238.0
2026-05-06 13:55:00,9.34,9.39,9.33,9.39,52049,48776985.0
2026-05-06 14:00:00,9.39,9.45,9.38,9.44,73592,69314944.0
2026-05-06 14:05:00,9.44,9.45,9.39,9.39,48391,45614391.0
2026-05-06 14:10:00,9.4,9.42,9.33,9.34,55121,51705604.0
2026-05-06 14:15:00,9.35,9.38,9.32,9.34,40791,38124130.0
2026-05-06 14:20:00,9.35,9.37,9.35,9.35,24290,22726671.0
2026-05-06 14:25:00,9.35,9.38,9.35,9.36,18187,17027438.0
2026-05-06 14:30:00,9.37,9.37,9.34,9.35,28785,26927765.0
2026-05-06 14:35:00,9.35,9.37,9.34,9.34,24815,23219415.0
2026-05-06 14:40:00,9.34,9.36,9.34,9.36,18859,17638954.0
2026-05-06 14:45:00,9.36,9.36,9.34,9.35,28122,26297886.0
2026-05-06 14:50:00,9.35,9.37,9.35,9.37,32051,30002498.0
2026-05-06 14:55:00,9.36,9.37,9.35,9.36,33892,31723425.0
2026-05-06 15:00:00,9.36,9.37,9.35,9.36,31657,29634519.0
2026-05-07 09:35:00,9.4,9.43,9.33,9.41,114142,107093516.0
2026-05-07 09:40:00,9.42,9.5,9.37,9.5,100605,95028224.0
2026-05-07 09:45:00,9.5,9.54,9.44,9.44,80299,76206240.0
2026-05-07 09:50:00,9.45,9.49,9.43,9.47,65144,61653997.0
2026-05-07 09:55:00,9.46,9.53,9.44,9.44,74655,70801858.0
2026-05-07 10:00:00,9.45,9.45,9.39,9.42,58374,54968619.0
2026-05-07 10:05:00,9.42,9.49,9.41,9.45,41198,38962977.0
2026-05-07 10:10:00,9.47,9.5,9.46,9.48,36671,34770670.0
2026-05-07 10:15:00,9.48,9.48,9.41,9.42,28059,26491083.0
2026-05-07 10:20:00,9.42,9.43,9.39,9.42,27605,25976090.0
2026-05-07 10:25:00,9.43,9.44,9.41,9.44,11059,10422113.0
2026-05-07 10:30:00,9.43,9.44,9.4,9.4,20263,19091623.0
2026-05-07 10:35:00,9.4,9.41,9.38,9.39,39866,37440065.0
2026-05-07 10:40:00,9.39,9.44,9.39,9.44,22996,21645425.0
2026-05-07 10:45:00,9.44,9.44,9.4,9.43,16634,15667072.0
2026-05-07 10:50:00,9.43,9.45,9.42,9.44,11267,10635228.0
2026-05-07 10:55:00,9.44,9.44,9.41,9.42,13066,12314364.0
2026-05-07 11:00:00,9.43,9.45,9.41,9.44,13216,12464847.0
2026-05-07 11:05:00,9.44,9.45,9.43,9.43,12425,11724549.0
2026-05-07 11:10:00,9.44,9.46,9.42,9.42,19623,18521816.0
2026-05-07 11:15:00,9.42,9.43,9.4,9.4,15654,14733068.0
2026-05-07 11:20:00,9.4,9.44,9.39,9.43,13270,12486835.0
2026-05-07 11:25:00,9.45,9.45,9.42,9.42,7279,6867167.0
2026-05-07 11:30:00,9.42,9.43,9.41,9.42,9046,8523135.0
2026-05-07 13:05:00,9.42,9.42,9.37,9.39,37426,35147329.0
2026-05-07 13:10:00,9.38,9.45,9.38,9.43,24385,22971580.0
2026-05-07 13:15:00,9.43,9.44,9.4,9.41,12688,11950441.0
2026-05-07 13:20:00,9.41,9.44,9.39,9.42,14423,13580863.0
2026-05-07 13:25:00,9.41,9.48,9.41,9.47,43332,40948699.0
2026-05-07 13:30:00,9.47,9.47,9.44,9.45,15742,14885964.0
2026-05-07 13:35:00,9.45,9.5,9.45,9.5,34372,32579152.0
2026-05-07 13:40:00,9.49,9.52,9.49,9.49,47814,45449869.0
2026-05-07 13:45:00,9.49,9.58,9.49,9.56,80411,76727883.0
2026-05-07 13:50:00,9.57,9.62,9.57,9.62,75260,72234268.0
2026-05-07 13:55:00,9.62,9.64,9.6,9.64,46011,44240832.0
2026-05-07 14:00:00,9.64,9.69,9.63,9.68,93894,90744719.0
2026-05-07 14:05:00,9.67,9.7,9.67,9.68,74968,72556120.0
2026-05-07 14:10:00,9.68,9.75,9.66,9.71,105264,102230750.0
2026-05-07 14:15:00,9.7,9.71,9.66,9.67,28750,27832793.0
2026-05-07 14:20:00,9.68,9.68,9.66,9.66,27626,26715849.0
2026-05-07 14:25:00,9.66,9.68,9.66,9.66,19177,18540463.0
2026-05-07 14:30:00,9.66,9.67,9.64,9.66,29656,28630889.0
2026-05-07 14:35:00,9.67,9.68,9.66,9.68,22532,21793887.0
2026-05-07 14:40:00,9.68,9.69,9.67,9.68,35464,34341034.0
2026-05-07 14:45:00,9.68,9.69,9.67,9.69,33308,32244272.0
2026-05-07 14:50:00,9.69,9.69,9.68,9.68,31461,30475044.0
2026-05-07 14:55:00,9.68,9.69,9.67,9.67,45070,43624764.0
2026-05-07 15:00:00,9.66,9.68,9.66,9.67,38658,37380496.0
2026-05-08 09:35:00,9.54,9.68,9.51,9.65,128890,123612209.0
2026-05-08 09:40:00,9.66,9.85,9.66,9.77,168492,164489084.0
2026-05-08 09:45:00,9.75,9.77,9.69,9.76,87086,84688382.0
2026-05-08 09:50:00,9.78,9.97,9.75,9.91,141079,138961091.0
2026-05-08 09:55:00,9.91,10.05,9.91,10.02,182499,182353830.0
2026-05-08 10:00:00,10.02,10.08,9.95,9.96,129253,129627543.0
2026-05-08 10:05:00,9.96,9.98,9.89,9.89,89713,89079975.0
2026-05-08 10:10:00,9.88,9.91,9.85,9.87,64215,63454577.0
2026-05-08 10:15:00,9.88,9.88,9.81,9.82,53794,52987436.0
2026-05-08 10:20:00,9.81,9.85,9.8,9.83,41813,41051802.0
2026-05-08 10:25:00,9.83,9.88,9.82,9.88,37538,36936934.0
2026-05-08 10:30:00,9.86,9.88,9.84,9.88,31914,31476672.0
2026-05-08 10:35:00,9.88,9.89,9.86,9.87,25714,25403671.0
2026-05-08 10:40:00,9.86,9.87,9.82,9.86,31285,30802616.0
2026-05-08 10:45:00,9.85,9.88,9.83,9.84,16547,16308741.0
2026-05-08 10:50:00,9.83,9.83,9.8,9.81,26146,25665582.0
2026-05-08 10:55:00,9.81,9.82,9.8,9.82,21488,21081080.0
2026-05-08 11:00:00,9.82,9.82,9.79,9.79,31116,30492167.0
2026-05-08 11:05:00,9.8,9.8,9.74,9.75,45803,44728820.0
2026-05-08 11:10:00,9.75,9.77,9.73,9.76,23365,22774727.0
2026-05-08 11:15:00,9.76,9.8,9.76,9.77,14966,14637629.0
2026-05-08 11:20:00,9.77,9.78,9.75,9.75,15420,15054583.0
2026-05-08 11:25:00,9.75,9.77,9.74,9.76,9496,9260080.0
2026-05-08 11:30:00,9.76,9.79,9.76,9.78,12094,11821716.0
2026-05-08 13:05:00,9.79,9.82,9.78,9.8,27915,27363767.0
2026-05-08 13:10:00,9.81,9.85,9.8,9.85,22507,22109990.0
2026-05-08 13:15:00,9.85,9.91,9.85,9.88,33468,33063897.0
2026-05-08 13:20:00,9.88,9.9,9.85,9.89,18910,18684106.0
2026-05-08 13:25:00,9.9,9.92,9.87,9.87,20954,20734159.0
2026-05-08 13:30:00,9.87,9.9,9.87,9.9,13731,13579160.0
2026-05-08 13:35:00,9.89,9.9,9.86,9.89,17198,16993985.0
2026-05-08 13:40:00,9.89,9.94,9.88,9.93,27728,27486527.0
2026-05-08 13:45:00,9.93,9.96,9.92,9.96,33751,33559273.0
2026-05-08 13:50:00,9.96,10.01,9.96,9.99,68176,68129808.0
2026-05-08 13:55:00,9.99,10.04,9.98,10.0,48184,48240653.0
2026-05-08 14:00:00,10.01,10.04,10.0,10.03,40155,40253307.0
2026-05-08 14:05:00,10.04,10.08,10.01,10.06,68222,68557201.0
2026-05-08 14:10:00,10.07,10.08,10.01,10.01,39125,39364101.0
2026-05-08 14:15:00,10.02,10.07,10.02,10.03,36775,36926480.0
2026-05-08 14:20:00,10.03,10.04,9.99,10.0,22161,22187585.0
2026-05-08 14:25:00,9.99,10.0,9.98,9.99,22442,22417435.0
2026-05-08 14:30:00,9.99,10.0,9.98,10.0,21868,21857213.0
2026-05-08 14:35:00,9.99,10.0,9.99,9.99,25169,25148644.0
2026-05-08 14:40:00,9.99,10.0,9.98,9.98,23327,23312662.0
2026-05-08 14:45:00,9.99,10.0,9.98,9.99,26234,26210414.0
2026-05-08 14:50:00,9.99,10.0,9.98,9.99,27445,27425998.0
2026-05-08 14:55:00,10.0,10.0,9.98,10.0,49250,49217192.0
2026-05-08 15:00:00,9.99,10.01,9.99,10.01,40185,40199854.0
2026-05-11 09:35:00,10.16,10.3,10.1,10.22,304730,311088178.0
2026-05-11 09:40:00,10.21,10.37,10.21,10.34,206419,212459071.0
2026-05-11 09:45:00,10.34,10.72,10.34,10.52,357418,377662120.0
2026-05-11 09:50:00,10.53,10.56,10.34,10.38,145636,151828688.0
2026-05-11 09:55:00,10.4,10.43,10.27,10.31,131067,135242901.0
2026-05-11 10:00:00,10.3,10.3,10.25,10.29,73347,75338764.0
2026-05-11 10:05:00,10.3,10.39,10.3,10.36,62129,64330284.0
2026-05-11 10:10:00,10.36,10.46,10.33,10.43,67239,69817519.0
2026-05-11 10:15:00,10.44,10.48,10.35,10.48,47888,49926617.0
2026-05-11 10:20:00,10.47,10.48,10.44,10.44,53356,55816879.0
2026-05-11 10:25:00,10.45,10.45,10.35,10.39,40088,41701380.0
2026-05-11 10:30:00,10.39,10.46,10.36,10.45,39013,40560127.0
2026-05-11 10:35:00,10.45,10.46,10.4,10.44,27953,29137585.0
2026-05-11 10:40:00,10.43,10.43,10.38,10.42,30920,32156702.0
2026-05-11 10:45:00,10.43,10.43,10.34,10.34,32028,33260337.0
2026-05-11 10:50:00,10.34,10.35,10.31,10.32,32438,33484366.0
2026-05-11 10:55:00,10.32,10.32,10.26,10.27,41430,42614774.0
2026-05-11 11:00:00,10.28,10.28,10.24,10.25,37043,38006572.0
2026-05-11 11:05:00,10.26,10.28,10.26,10.27,31061,31903827.0
2026-05-11 11:10:00,10.28,10.29,10.26,10.28,22147,22756806.0
2026-05-11 11:15:00,10.28,10.32,10.28,10.31,24474,25222820.0
2026-05-11 11:20:00,10.32,10.32,10.28,10.29,20720,21343733.0
2026-05-11 11:25:00,10.29,10.3,10.25,10.26,27616,28370448.0
2026-05-11 11:30:00,10.26,10.32,10.26,10.29,30156,31038731.0
2026-05-11 13:05:00,10.3,10.31,10.22,10.22,48545,49858359.0
2026-05-11 13:10:00,10.22,10.25,10.21,10.24,31451,32175447.0
2026-05-11 13:15:00,10.23,10.23,10.19,10.2,43620,44523449.0
2026-05-11 13:20:00,10.2,10.2,10.16,10.18,45243,46041933.0
2026-05-11 13:25:00,10.18,10.19,10.14,10.15,40082,40764706.0
2026-05-11 13:30:00,10.15,10.18,10.12,10.17,53813,54560512.0
2026-05-11 13:35:00,10.18,10.19,10.16,10.16,25999,26448411.0
2026-05-11 13:40:00,10.16,10.25,10.14,10.23,41606,42433545.0
2026-05-11 13:45:00,10.23,10.24,10.16,10.17,33334,34013581.0
2026-05-11 13:50:00,10.17,10.18,10.15,10.17,32247,32775522.0
2026-05-11 13:55:00,10.18,10.21,10.17,10.2,26187,26702972.0
2026-05-11 14:00:00,10.19,10.2,10.15,10.15,33070,33636883.0
2026-05-11 14:05:00,10.15,10.21,10.15,10.2,35845,36486324.0
2026-05-11 14:10:00,10.2,10.21,10.17,10.2,26090,26579662.0
2026-05-11 14:15:00,10.2,10.21,10.19,10.2,34841,35545227.0
2026-05-11 14:20:00,10.2,10.23,10.19,10.21,31170,31832045.0
2026-05-11 14:25:00,10.21,10.21,10.17,10.2,45618,46494655.0
2026-05-11 14:30:00,10.2,10.21,10.19,10.2,29261,29840573.0
2026-05-11 14:35:00,10.2,10.26,10.2,10.24,45319,46380421.0
2026-05-11 14:40:00,10.25,10.25,10.21,10.21,45674,46693816.0
2026-05-11 14:45:00,10.22,10.22,10.2,10.2,44772,45709731.0
2026-05-11 14:50:00,10.21,10.23,10.2,10.22,56253,57464902.0
2026-05-11 14:55:00,10.22,10.23,10.21,10.22,56015,57230065.0
2026-05-11 15:00:00,10.21,10.22,10.2,10.21,47704,48716449.0
2026-05-12 09:35:00,10.41,10.46,10.1,10.1,228420,234115332.0
2026-05-12 09:40:00,10.1,10.21,10.01,10.21,141929,143471978.0
2026-05-12 09:45:00,10.21,10.21,10.1,10.1,89011,90348861.0
2026-05-12 09:50:00,10.1,10.14,10.06,10.1,81222,81963060.0
2026-05-12 09:55:00,10.1,10.1,10.01,10.04,108433,108910797.0
2026-05-12 10:00:00,10.05,10.06,9.98,10.06,103090,103205084.0
2026-05-12 10:05:00,10.05,10.06,9.97,9.98,67711,67725949.0
2026-05-12 10:10:00,9.99,10.06,9.98,10.05,45509,45577721.0
2026-05-12 10:15:00,10.05,10.05,9.99,10.01,39942,39991625.0
2026-05-12 10:20:00,10.02,10.05,9.99,10.01,29178,29219108.0
2026-05-12 10:25:00,10.01,10.1,9.99,10.09,52115,52315562.0
2026-05-12 10:30:00,10.1,10.12,10.01,10.02,39362,39681628.0
2026-05-12 10:35:00,10.02,10.04,10.0,10.04,21926,21971210.0
2026-05-12 10:40:00,10.05,10.07,10.02,10.05,23030,23137157.0
2026-05-12 10:45:00,10.04,10.1,10.03,10.09,16390,16501557.0
2026-05-12 10:50:00,10.1,10.1,10.05,10.06,23919,24109943.0
2026-05-12 10:55:00,10.06,10.14,10.05,10.14,31014,31339638.0
2026-05-12 11:00:00,10.14,10.15,10.11,10.13,38106,38634892.0
2026-05-12 11:05:00,10.13,10.16,10.08,10.08,23877,24156709.0
2026-05-12 11:10:00,10.1,10.14,10.08,10.09,15909,16073399.0
2026-05-12 11:15:00,10.09,10.13,10.09,10.13,21889,22123730.0
2026-05-12 11:20:00,10.13,10.14,10.07,10.07,16698,16881558.0
2026-05-12 11:25:00,10.07,10.08,10.04,10.04,23925,24053487.0
2026-05-12 11:30:00,10.04,10.05,10.02,10.05,20610,20686054.0
2026-05-12 13:05:00,10.04,10.05,10.0,10.0,45064,45156676.0
2026-05-12 13:10:00,10.0,10.02,9.98,10.0,32082,32078932.0
2026-05-12 13:15:00,10.0,10.1,10.0,10.1,45001,45230783.0
2026-05-12 13:20:00,10.1,10.15,10.08,10.11,26405,26705847.0
2026-05-12 13:25:00,10.12,10.28,10.11,10.22,74302,75689335.0
2026-05-12 13:30:00,10.22,10.29,10.21,10.22,79064,81147690.0
2026-05-12 13:35:00,10.22,10.27,10.21,10.21,44368,45434861.0
2026-05-12 13:40:00,10.21,10.21,10.16,10.16,21015,21393093.0
2026-05-12 13:45:00,10.15,10.16,10.1,10.11,18867,19106756.0
2026-05-12 13:50:00,10.11,10.11,10.08,10.1,23176,23398038.0
2026-05-12 13:55:00,10.1,10.1,10.08,10.09,17287,17441456.0
2026-05-12 14:00:00,10.08,10.12,10.07,10.12,19643,19834361.0
2026-05-12 14:05:00,10.12,10.14,10.1,10.11,22041,22302970.0
2026-05-12 14:10:00,10.11,10.13,10.1,10.1,11451,11579387.0
2026-05-12 14:15:00,10.1,10.11,10.08,10.09,13823,13954002.0
2026-05-12 14:20:00,10.1,10.17,10.09,10.16,18294,18504597.0
2026-05-12 14:25:00,10.17,10.19,10.15,10.19,20917,21258113.0
2026-05-12 14:30:00,10.18,10.2,10.15,10.15,24871,25297627.0
2026-05-12 14:35:00,10.16,10.18,10.15,10.17,19396,19718450.0
2026-05-12 14:40:00,10.17,10.18,10.16,10.18,22166,22541480.0
2026-05-12 14:45:00,10.17,10.18,10.16,10.17,23698,24105691.0
2026-05-12 14:50:00,10.17,10.18,10.16,10.17,29328,29825428.0
2026-05-12 14:55:00,10.16,10.19,10.16,10.18,37528,38176184.0
2026-05-12 15:00:00,10.18,10.21,10.18,10.21,53912,55019839.0
2026-05-13 09:35:00,10.12,10.37,10.09,10.28,200751,205958667.0
2026-05-13 09:40:00,10.27,10.34,10.2,10.23,121430,124567739.0
2026-05-13 09:45:00,10.25,10.35,10.17,10.32,125306,128679624.0
2026-05-13 09:50:00,10.32,10.47,10.32,10.45,182660,190391267.0
2026-05-13 09:55:00,10.45,10.45,10.39,10.4,82010,85527191.0
2026-05-13 10:00:00,10.4,10.41,10.32,10.4,62036,64273643.0
2026-05-13 10:05:00,10.41,10.52,10.4,10.44,154422,161659614.0
2026-05-13 10:10:00,10.44,10.45,10.35,10.44,72938,75926271.0
2026-05-13 10:15:00,10.44,10.65,10.41,10.64,150149,157929040.0
2026-05-13 10:20:00,10.64,10.76,10.63,10.67,252256,269572875.0
2026-05-13 10:25:00,10.66,10.73,10.65,10.67,90527,96718568.0
2026-05-13 10:30:00,10.69,10.77,10.65,10.67,77769,83357616.0
2026-05-13 10:35:00,10.67,10.67,10.61,10.61,48201,51234483.0
2026-05-13 10:40:00,10.6,10.61,10.52,10.55,42760,45186041.0
2026-05-13 10:45:00,10.55,10.57,10.54,10.55,35326,37277642.0
2026-05-13 10:50:00,10.54,10.58,10.5,10.52,41977,44244034.0
2026-05-13 10:55:00,10.51,10.52,10.49,10.52,32028,33641945.0
2026-05-13 11:00:00,10.52,10.57,10.49,10.57,31035,32662497.0
2026-05-13 11:05:00,10.57,10.58,10.53,10.56,23792,25120322.0
2026-05-13 11:10:00,10.56,10.58,10.52,10.52,20976,22142105.0
2026-05-13 11:15:00,10.52,10.54,10.51,10.54,12158,12794745.0
2026-05-13 11:20:00,10.55,10.56,10.53,10.56,23046,24295282.0
2026-05-13 11:25:00,10.55,10.59,10.52,10.53,26441,27937393.0
2026-05-13 11:30:00,10.52,10.54,10.5,10.54,17168,18061647.0
2026-05-13 13:05:00,10.55,10.57,10.5,10.53,46586,49038557.0
2026-05-13 13:10:00,10.52,10.58,10.52,10.57,19842,20920815.0
2026-05-13 13:15:00,10.58,10.71,10.57,10.66,59233,63175631.0
2026-05-13 13:20:00,10.66,10.71,10.65,10.67,30281,32335503.0
2026-05-13 13:25:00,10.67,10.68,10.62,10.63,31006,32996134.0
2026-05-13 13:30:00,10.61,10.62,10.58,10.62,21072,22344192.0
2026-05-13 13:35:00,10.62,10.63,10.58,10.62,21600,22902794.0
2026-05-13 13:40:00,10.62,10.62,10.57,10.57,23482,24888573.0
2026-05-13 13:45:00,10.57,10.59,10.57,10.59,13875,14683908.0
2026-05-13 13:50:00,10.59,10.6,10.56,10.56,18590,19665649.0
2026-05-13 13:55:00,10.56,10.76,10.55,10.74,97943,104633882.0
2026-05-13 14:00:00,10.74,10.8,10.72,10.72,112579,121214519.0
2026-05-13 14:05:00,10.72,10.77,10.7,10.76,38287,41050287.0
2026-05-13 14:10:00,10.76,10.76,10.68,10.69,26695,28593852.0
2026-05-13 14:15:00,10.68,10.7,10.67,10.69,33363,35667815.0
2026-05-13 14:20:00,10.68,10.69,10.66,10.66,21748,23204530.0
2026-05-13 14:25:00,10.67,10.68,10.66,10.67,21934,23386346.0
2026-05-13 14:30:00,10.67,10.68,10.66,10.66,24057,25671361.0
2026-05-13 14:35:00,10.67,10.71,10.66,10.71,30075,32133857.0
2026-05-13 14:40:00,10.71,10.71,10.68,10.68,43289,46276493.0
2026-05-13 14:45:00,10.68,10.69,10.66,10.67,34356,36669245.0
2026-05-13 14:50:00,10.68,10.68,10.66,10.66,47877,51082762.0
2026-05-13 14:55:00,10.66,10.68,10.65,10.67,50729,54123248.0
2026-05-13 15:00:00,10.67,10.68,10.66,10.67,43186,46089220.0
2026-05-14 09:35:00,10.72,10.99,10.68,10.98,321176,348283136.0
2026-05-14 09:40:00,10.97,11.36,10.92,11.36,382305,425009685.0
2026-05-14 09:45:00,11.37,11.38,11.13,11.13,318801,360018591.0
2026-05-14 09:50:00,11.12,11.17,11.07,11.11,157143,174639140.0
2026-05-14 09:55:00,11.11,11.17,11.02,11.02,106734,118399694.0
2026-05-14 10:00:00,11.03,11.08,10.96,11.05,110565,121576377.0
2026-05-14 10:05:00,11.04,11.22,11.04,11.13,97225,108432921.0
2026-05-14 10:10:00,11.16,11.35,11.13,11.33,158406,178012186.0
2026-05-14 10:15:00,11.31,11.31,11.2,11.25,79460,89429538.0
2026-05-14 10:20:00,11.25,11.27,11.14,11.15,51339,57534618.0
2026-05-14 10:25:00,11.15,11.2,11.11,11.12,50366,56209255.0
2026-05-14 10:30:00,11.14,11.25,11.14,11.2,43456,48675601.0
2026-05-14 10:35:00,11.22,11.33,11.21,11.27,85415,96287860.0
2026-05-14 10:40:00,11.27,11.27,11.17,11.17,34658,38909557.0
2026-05-14 10:45:00,11.17,11.18,11.1,11.16,50842,56601511.0
2026-05-14 10:50:00,11.15,11.2,11.15,11.18,39835,44512783.0
2026-05-14 10:55:00,11.21,11.3,11.16,11.16,87554,98553147.0
2026-05-14 11:00:00,11.16,11.23,11.13,11.13,48374,54062238.0
2026-05-14 11:05:00,11.13,11.13,11.04,11.05,59135,65478630.0
2026-05-14 11:10:00,11.05,11.05,11.0,11.02,69464,76556428.0
2026-05-14 11:15:00,11.01,11.05,10.96,10.99,85287,93774526.0
2026-05-14 11:20:00,11.0,11.04,10.99,11.01,51251,56437618.0
2026-05-14 11:25:00,11.01,11.02,10.96,11.02,35027,38505897.0
2026-05-14 11:30:00,11.01,11.06,11.01,11.05,23256,25664838.0
2026-05-14 13:05:00,11.06,11.07,10.93,10.98,62189,68362202.0
2026-05-14 13:10:00,10.97,11.04,10.96,11.04,32678,35948444.0
2026-05-14 13:15:00,11.04,11.04,11.0,11.04,23750,26169775.0
2026-05-14 13:20:00,11.03,11.05,10.98,11.0,28108,30971447.0
2026-05-14 13:25:00,11.01,11.05,11.0,11.02,17921,19754551.0
2026-05-14 13:30:00,11.03,11.04,11.01,11.03,16259,17921956.0
2026-05-14 13:35:00,11.02,11.04,10.95,10.95,38300,42116898.0
2026-05-14 13:40:00,10.95,10.97,10.94,10.96,25352,27760831.0
2026-05-14 13:45:00,10.96,10.98,10.94,10.97,24605,26944560.0
2026-05-14 13:50:00,10.98,11.11,10.97,11.09,43764,48337051.0
2026-05-14 13:55:00,11.1,11.11,11.05,11.09,36228,40150398.0
2026-05-14 14:00:00,11.1,11.13,11.07,11.07,27283,30297242.0
2026-05-14 14:05:00,11.09,11.16,11.07,11.15,30758,34192747.0
2026-05-14 14:10:00,11.15,11.17,11.14,11.14,21683,24181603.0
2026-05-14 14:15:00,11.16,11.17,11.14,11.15,22508,25100000.0
2026-05-14 14:20:00,11.16,11.19,11.14,11.15,35376,39496920.0
2026-05-14 14:25:00,11.14,11.15,11.09,11.09,23418,26048686.0
2026-05-14 14:30:00,11.09,11.1,11.07,11.08,20956,23228584.0
2026-05-14 14:35:00,11.08,11.09,11.05,11.06,34509,38204495.0
2026-05-14 14:40:00,11.06,11.08,11.05,11.06,29713,32866727.0
2026-05-14 14:45:00,11.06,11.07,11.01,11.01,42669,47098281.0
2026-05-14 14:50:00,11.01,11.03,10.98,10.98,68498,75388258.0
2026-05-14 14:55:00,10.99,10.99,10.91,10.91,90695,99383450.0
2026-05-14 15:00:00,10.92,10.92,10.88,10.88,95597,104141409.0
2026-05-15 09:35:00,10.88,10.96,10.61,10.63,305628,329189446.0
2026-05-15 09:40:00,10.66,10.7,10.6,10.61,186183,198147503.0
2026-05-15 09:45:00,10.6,10.61,10.4,10.4,261404,274486583.0
2026-05-15 09:50:00,10.4,10.44,10.35,10.37,140571,146181755.0
2026-05-15 09:55:00,10.39,10.45,10.3,10.4,135519,140648564.0
2026-05-15 10:00:00,10.4,10.41,10.27,10.28,87566,90555223.0
2026-05-15 10:05:00,10.29,10.33,10.26,10.33,100027,102911100.0
2026-05-15 10:10:00,10.32,10.34,10.29,10.34,56474,58228878.0
2026-05-15 10:15:00,10.35,10.38,10.26,10.31,71030,73369723.0
2026-05-15 10:20:00,10.31,10.36,10.29,10.36,62233,64199688.0
2026-05-15 10:25:00,10.35,10.4,10.31,10.31,51256,53061761.0
2026-05-15 10:30:00,10.31,10.42,10.31,10.35,31309,32470174.0
2026-05-15 10:35:00,10.35,10.36,10.32,10.34,35394,36591079.0
2026-05-15 10:40:00,10.33,10.35,10.21,10.22,78974,81174878.0
2026-05-15 10:45:00,10.21,10.26,10.2,10.25,65674,67193747.0
2026-05-15 10:50:00,10.25,10.32,10.25,10.29,34727,35735992.0
2026-05-15 10:55:00,10.28,10.35,10.27,10.35,31353,32308225.0
